Scenario,Run_ID,Status,Attack_Mode,Drop_Targets,Sector_Size_Bytes,Chunk_Size_Bytes,Challenges_Per_Epoch,Proof_Epoch,Verify_Epoch,Epoch_Status,Proof_Epoch_Hash,Verify_Epoch_Hash,Challenge_Seed,Challenge_Indices,Setup_PublicParams_ms,Setup_PkVk_ms,Setup_RAM_peak_KiB,Seal_C_chunk_absorb_4KB_ms,Seal_C_hash_poseidon2_ms,Seal_C_merkle_build_ms,Seal_RAM_peak_KiB,Challenge_C_hash_poseidon2_ms,Challenge_C_merkle_path_ms,Challenge_RAM_peak_KiB,C_step_total_ms,C_augmented_nova_ms,prove_time_per_step_ms,fold_time_per_step_ms,compressed_proof_size_bytes,Prove_RAM_peak_KiB,Verify_VK_Setup_ms,verify_time_ms,Verify_RAM_peak_KiB
KB0_HappyPath,1,Valid,no_attack,,33554432,4096,10,0,0,Epoch_Valid,d4dd5f93277bce36374cba0e5efd1311bca8d1f2245bbffd0cd3435513ff7373,d4dd5f93277bce36374cba0e5efd1311bca8d1f2245bbffd0cd3435513ff7373,d4dd5f93277bce36374cba0e5efd1311bca8d1f2245bbffd0cd3435513ff7373,888;3033;5178;7323;1276;3421;5566;7711;1664;3809,5923.205,674.422,202484,81.316,358.843,486.515,79232,0.382,0.018,0,110.500,17169.594,1862.270,110.460,11488,356416,680.040,331.585,379292
KB0_HappyPath,2,Valid,no_attack,,33554432,4096,10,0,0,Epoch_Valid,d4dd5f93277bce36374cba0e5efd1311bca8d1f2245bbffd0cd3435513ff7373,d4dd5f93277bce36374cba0e5efd1311bca8d1f2245bbffd0cd3435513ff7373,d4dd5f93277bce36374cba0e5efd1311bca8d1f2245bbffd0cd3435513ff7373,888;3033;5178;7323;1276;3421;5566;7711;1664;3809,5923.205,674.422,202484,81.316,358.843,486.515,79232,0.382,0.011,0,118.579,18509.739,2003.214,118.540,11488,375476,698.066,355.087,369696
KB0_HappyPath,3,Valid,no_attack,,33554432,4096,10,0,0,Epoch_Valid,d4dd5f93277bce36374cba0e5efd1311bca8d1f2245bbffd0cd3435513ff7373,d4dd5f93277bce36374cba0e5efd1311bca8d1f2245bbffd0cd3435513ff7373,d4dd5f93277bce36374cba0e5efd1311bca8d1f2245bbffd0cd3435513ff7373,888;3033;5178;7323;1276;3421;5566;7711;1664;3809,5923.205,674.422,202484,81.316,358.843,486.515,79232,0.377,0.013,0,106.425,15713.741,1712.866,106.386,11488,398320,755.841,320.097,425628
KB0_HappyPath,4,Valid,no_attack,,33554432,4096,10,0,0,Epoch_Valid,d4dd5f93277bce36374cba0e5efd1311bca8d1f2245bbffd0cd3435513ff7373,d4dd5f93277bce36374cba0e5efd1311bca8d1f2245bbffd0cd3435513ff7373,d4dd5f93277bce36374cba0e5efd1311bca8d1f2245bbffd0cd3435513ff7373,888;3033;5178;7323;1276;3421;5566;7711;1664;3809,5923.205,674.422,202484,81.316,358.843,486.515,79232,0.366,0.013,0,104.374,15643.371,1704.027,104.336,11488,403360,731.798,349.031,409336
KB0_HappyPath,5,Valid,no_attack,,33554432,4096,10,0,0,Epoch_Valid,d4dd5f93277bce36374cba0e5efd1311bca8d1f2245bbffd0cd3435513ff7373,d4dd5f93277bce36374cba0e5efd1311bca8d1f2245bbffd0cd3435513ff7373,d4dd5f93277bce36374cba0e5efd1311bca8d1f2245bbffd0cd3435513ff7373,888;3033;5178;7323;1276;3421;5566;7711;1664;3809,5923.205,674.422,202484,81.316,358.843,486.515,79232,0.474,0.014,0,107.557,16715.137,1815.870,107.508,11488,381172,598.075,333.904,368232
KB1a_DropRaw_1pct_Random,1,Valid,drop_raw_random_pct,3;29;40;57;63;69;107;115;137;177;363;409;411;539;545;667;829;851;903;1041;1061;1139;1155;1177;1195;1267;1275;1607;1663;1687;1737;1755;1759;1873;1881;1885;1902;1935;1993;2089;2123;2215;2219;2245;2343;2361;2416;2471;2517;2615;2957;3183;3401;3549;3741;3793;3827;3903;3925;4125;4191;4406;4747;4793;4833;5179;5233;5385;5495;5641;5739;5751;5917;5995;6163;6333;6719;6780;7187;7719;7747;8065,33554432,4096,10,0,0,Epoch_Valid,d4dd5f93277bce36374cba0e5efd1311bca8d1f2245bbffd0cd3435513ff7373,d4dd5f93277bce36374cba0e5efd1311bca8d1f2245bbffd0cd3435513ff7373,d4dd5f93277bce36374cba0e5efd1311bca8d1f2245bbffd0cd3435513ff7373,888;3033;5178;7323;1276;3421;5566;7711;1664;3809,5923.205,674.422,202484,81.316,358.843,486.515,79232,0.553,0.047,0,133.660,15286.965,1704.030,133.600,11488,370688,861.576,374.653,376460
KB1a_DropRaw_1pct_Random,2,Prover_Failed(missing_D_at_3809),drop_raw_random_pct,2;86;174;188;280;282;286;290;325;330;524;574;676;874;885;1034;1036;1072;1164;1178;1197;1210;1220;1256;1346;1370;1462;1522;1611;1613;1898;1958;2057;2118;2144;2270;2382;2569;2606;2666;2682;2710;2979;3010;3206;3402;3562;3563;3625;3809;4061;4188;4194;4409;4496;4597;4601;4693;4751;4771;4801;4959;5010;5335;5356;5555;5703;5707;5822;5846;6061;6085;6284;6734;6756;6894;7033;7317;7337;7357;7517;7803,33554432,4096,10,0,0,Epoch_Not_Checked,d4dd5f93277bce36374cba0e5efd1311bca8d1f2245bbffd0cd3435513ff7373,d4dd5f93277bce36374cba0e5efd1311bca8d1f2245bbffd0cd3435513ff7373,d4dd5f93277bce36374cba0e5efd1311bca8d1f2245bbffd0cd3435513ff7373,888;3033;5178;7323;1276;3421;5566;7711;1664;3809,0,0,0,81.316,358.843,486.515,79232,0.314,0.030,0,0,0,0,0,0,0,0,0,0
KB1a_DropRaw_1pct_Random,3,Prover_Failed(missing_D_at_7711),drop_raw_random_pct,25;31;71;75;79;113;241;243;259;275;277;289;291;399;401;421;437;465;491;503;535;605;609;645;671;777;839;874;881;903;909;925;1237;1345;1577;1771;1929;1971;1991;2005;2359;2423;2537;2545;2635;2775;2949;2997;3019;3129;3181;3205;3287;3454;3606;3959;4283;4375;4381;4789;4865;4889;5081;5363;5483;5581;5645;5787;5790;6115;6391;6483;6553;6623;7361;7385;7667;7711;7727;7793;7809;7947,33554432,4096,10,0,0,Epoch_Not_Checked,d4dd5f93277bce36374cba0e5efd1311bca8d1f2245bbffd0cd3435513ff7373,d4dd5f93277bce36374cba0e5efd1311bca8d1f2245bbffd0cd3435513ff7373,d4dd5f93277bce36374cba0e5efd1311bca8d1f2245bbffd0cd3435513ff7373,888;3033;5178;7323;1276;3421;5566;7711;1664;3809,0,0,0,81.316,358.843,486.515,79232,0.288,0.030,0,0,0,0,0,0,0,0,0,0
KB1a_DropRaw_1pct_Random,4,Valid,drop_raw_random_pct,8;20;36;46;58;132;165;218;234;278;282;306;350;366;430;502;582;656;670;711;1008;1010;1183;1330;1368;1372;1535;1546;1612;1739;1883;2042;2138;2360;2372;2391;2630;2680;2723;2910;2918;2963;3074;3198;3927;4180;4495;4595;4604;4651;4698;5180;5435;5495;5534;5617;5766;5926;6068;6132;6199;6215;6222;6363;6387;6389;6668;6703;6838;6855;7175;7214;7289;7395;7415;7421;7575;7651;7769;7813;8037;8159,33554432,4096,10,0,0,Epoch_Valid,d4dd5f93277bce36374cba0e5efd1311bca8d1f2245bbffd0cd3435513ff7373,d4dd5f93277bce36374cba0e5efd1311bca8d1f2245bbffd0cd3435513ff7373,d4dd5f93277bce36374cba0e5efd1311bca8d1f2245bbffd0cd3435513ff7373,888;3033;5178;7323;1276;3421;5566;7711;1664;3809,5923.205,674.422,202484,81.316,358.843,486.515,79232,0.413,0.039,0,167.476,15224.014,1743.380,167.431,11488,342744,682.560,315.183,366724
KB1a_DropRaw_1pct_Random,5,Valid,drop_raw_random_pct,27;87;89;109;135;141;167;191;277;289;359;385;405;429;459;471;477;479;507;577;647;663;713;809;811;921;991;1065;1155;1403;1409;1530;1563;1599;1665;1769;1887;1912;1975;2091;2233;2279;2299;2437;2459;2758;2881;3115;3121;3221;3245;3407;3455;3589;3803;3907;3939;4091;4161;4279;4337;4365;4715;4833;5045;5093;5247;5515;5561;5875;6025;6035;6429;6643;6709;6731;6981;7381;7635;7723;7973;8167,33554432,4096,10,0,0,Epoch_Valid,d4dd5f93277bce36374cba0e5efd1311bca8d1f2245bbffd0cd3435513ff7373,d4dd5f93277bce36374cba0e5efd1311bca8d1f2245bbffd0cd3435513ff7373,d4dd5f93277bce36374cba0e5efd1311bca8d1f2245bbffd0cd3435513ff7373,888;3033;5178;7323;1276;3421;5566;7711;1664;3809,5923.205,674.422,202484,81.316,358.843,486.515,79232,0.376,0.031,0,98.318,15171.330,1650.499,98.277,11488,395572,599.390,283.022,413888
KB1b_DropRaw_5pct_Random,1,Valid,drop_raw_random_pct,2;8;16;20;24;52;57;58;62;64;65;68;73;80;88;90;98;104;106;113;118;122;124;128;130;132;160;170;177;186;194;198;206;208;214;226;234;250;256;260;262;264;268;271;281;286;294;302;312;324;332;334;352;354;360;366;368;376;382;390;393;397;398;418;426;434;442;444;446;458;472;474;490;504;506;508;520;530;542;556;557;565;586;588;633;670;706;714;722;764;790;825;830;837;852;854;856;874;876;880;902;930;948;950;957;958;970;982;988;1002;1008;1014;1022;1028;1032;1038;1048;1052;1085;1096;1100;1109;1136;1156;1158;1190;1242;1266;1284;1305;1316;1337;1366;1381;1392;1423;1478;1486;1510;1526;1529;1557;1558;1569;1582;1589;1592;1598;1613;1626;1634;1649;1679;1783;1802;1839;1846;1854;1866;1875;1938;1940;1954;1956;1958;1976;2009;2022;2056;2069;2077;2134;2150;2284;2289;2329;2364;2384;2385;2386;2433;2446;2489;2522;2550;2557;2576;2590;2593;2613;2618;2717;2722;2736;2763;2791;2817;2824;2825;2835;2934;2937;2941;3011;3014;3026;3029;3060;3081;3103;3114;3207;3233;3260;3279;3294;3298;3302;3303;3310;3348;3417;3462;3465;3489;3516;3526;3537;3563;3590;3642;3678;3681;3697;3703;3713;3750;3831;3844;3869;3935;3954;3973;3990;4054;4062;4084;4087;4103;4109;4125;4130;4163;4175;4177;4208;4225;4226;4233;4250;4291;4303;4318;4320;4325;4420;4434;4456;4487;4517;4520;4545;4596;4634;4648;4693;4698;4726;4755;4756;4763;4774;4798;4800;4803;4841;4842;4849;4863;4877;4898;4939;4958;4982;5016;5045;5070;5073;5115;5125;5147;5175;5208;5241;5245;5268;5269;5290;5316;5357;5377;5395;5478;5495;5498;5509;5616;5623;5625;5628;5640;5660;5679;5809;5831;5833;5917;5937;6013;6021;6025;6050;6075;6150;6155;6163;6173;6186;6190;6214;6227;6300;6318;6322;6332;6376;6441;6449;6452;6457;6463;6473;6474;6489;6521;6526;6550;6577;6605;6611;6668;6675;6678;6690;6742;6764;6781;6839;6947;6966;6985;7039;7068;7081;7089;7117;7166;7225;7231;7293;7298;7309;7319;7326;7347;7373;7405;7469;7482;7497;7507;7539;7579;7620;7622;7628;7653;7665;7725;7751;7755;7805;7815;7828;8019;8041;8073;8120;8148;8186,33554432,4096,10,0,0,Epoch_Valid,d4dd5f93277bce36374cba0e5efd1311bca8d1f2245bbffd0cd3435513ff7373,d4dd5f93277bce36374cba0e5efd1311bca8d1f2245bbffd0cd3435513ff7373,d4dd5f93277bce36374cba0e5efd1311bca8d1f2245bbffd0cd3435513ff7373,888;3033;5178;7323;1276;3421;5566;7711;1664;3809,5923.205,674.422,202484,81.316,358.843,486.515,79232,0.348,0.087,0,107.535,15788.426,1720.257,107.492,11488,501772,817.669,377.699,497804
KB1b_DropRaw_5pct_Random,2,Prover_Failed(missing_D_at_7323),drop_raw_random_pct,3;37;42;51;63;65;69;87;101;109;125;155;157;165;169;189;213;217;219;229;244;246;247;249;255;261;265;274;291;293;303;311;321;325;333;339;345;349;351;359;363;369;371;377;383;389;397;399;403;413;429;431;437;438;445;453;459;471;479;481;485;514;515;523;525;539;549;551;553;555;559;563;597;605;607;611;621;625;627;639;643;655;661;667;669;679;699;705;707;715;717;719;725;726;729;733;765;777;779;783;786;797;815;819;823;830;857;881;921;927;931;957;974;1007;1010;1025;1027;1029;1031;1063;1071;1077;1082;1091;1097;1123;1159;1169;1173;1177;1181;1213;1223;1263;1285;1287;1294;1313;1325;1327;1374;1395;1401;1431;1433;1443;1469;1473;1475;1477;1502;1531;1549;1570;1591;1595;1623;1631;1641;1647;1665;1671;1701;1711;1729;1756;1789;1795;1798;1799;1831;1837;1855;1857;1871;1957;1963;2029;2059;2071;2085;2097;2137;2165;2169;2187;2199;2205;2241;2273;2331;2338;2393;2407;2413;2415;2422;2447;2449;2467;2482;2491;2499;2519;2527;2541;2594;2613;2621;2631;2677;2715;2749;2766;2815;2829;2847;2855;2862;2941;2943;3021;3042;3045;3049;3061;3099;3111;3161;3181;3187;3218;3249;3265;3271;3287;3303;3306;3335;3339;3347;3355;3365;3385;3399;3443;3449;3479;3491;3499;3519;3525;3537;3543;3573;3577;3585;3603;3607;3635;3651;3682;3707;3713;3739;3799;3813;3839;3871;3970;4003;4057;4071;4093;4099;4105;4107;4111;4159;4167;4215;4219;4237;4287;4297;4337;4363;4382;4385;4453;4463;4489;4499;4503;4509;4513;4545;4591;4595;4617;4629;4635;4638;4659;4687;4695;4718;4749;4755;4757;4807;4835;4861;4901;4937;4957;4986;5031;5065;5159;5189;5213;5238;5249;5275;5279;5313;5445;5526;5575;5609;5611;5633;5637;5679;5683;5803;5845;5861;5873;5879;6009;6087;6117;6128;6147;6153;6187;6213;6219;6238;6255;6321;6335;6343;6354;6421;6427;6439;6442;6459;6529;6534;6669;6671;6699;6750;6801;6803;6885;6901;6921;6931;6963;7017;7039;7069;7109;7127;7149;7165;7233;7265;7267;7294;7303;7319;7323;7339;7415;7427;7445;7447;7501;7505;7525;7609;7637;7655;7733;7761;7830;7853;7897;7919;7991;8037;8061;8071;8135,33554432,4096,10,0,0,Epoch_Not_Checked,d4dd5f93277bce36374cba0e5efd1311bca8d1f2245bbffd0cd3435513ff7373,d4dd5f93277bce36374cba0e5efd1311bca8d1f2245bbffd0cd3435513ff7373,d4dd5f93277bce36374cba0e5efd1311bca8d1f2245bbffd0cd3435513ff7373,888;3033;5178;7323;1276;3421;5566;7711;1664;3809,0,0,0,81.316,358.843,486.515,79232,0.112,0.103,0,0,0,0,0,0,0,0,0,0
KB1b_DropRaw_5pct_Random,3,Prover_Failed(missing_D_at_3809),drop_raw_random_pct,2;4;12;20;26;40;52;56;58;62;67;70;74;78;83;88;100;130;140;142;168;170;190;202;206;208;226;234;236;240;251;254;264;279;284;300;308;330;338;350;366;388;404;406;422;428;436;438;444;446;451;466;500;518;536;538;546;564;566;580;584;588;602;620;623;638;644;648;652;670;676;687;698;700;710;714;731;732;754;760;772;784;794;802;806;810;811;828;830;862;879;896;908;918;919;922;994;1032;1055;1056;1062;1094;1100;1142;1171;1186;1196;1204;1216;1218;1228;1230;1239;1278;1290;1310;1318;1348;1359;1376;1378;1387;1414;1426;1436;1480;1494;1515;1548;1574;1579;1583;1641;1642;1644;1646;1663;1690;1706;1714;1788;1798;1812;1832;1851;1878;1880;1903;1932;1975;1978;1991;1993;2050;2094;2114;2127;2158;2194;2196;2215;2246;2273;2283;2285;2308;2314;2316;2332;2334;2349;2351;2367;2370;2410;2423;2470;2476;2513;2515;2542;2553;2555;2590;2594;2638;2640;2670;2724;2742;2760;2767;2780;2800;2822;2829;2851;2852;2862;2870;2896;2909;2926;2994;3039;3080;3101;3130;3143;3170;3179;3207;3262;3272;3306;3342;3354;3363;3371;3386;3408;3419;3441;3513;3524;3538;3562;3578;3596;3675;3683;3694;3755;3769;3809;3820;3870;3878;3890;3926;3954;3964;3985;4043;4047;4089;4134;4140;4146;4152;4180;4201;4231;4238;4253;4292;4298;4316;4324;4356;4361;4364;4386;4396;4500;4630;4650;4652;4655;4681;4682;4685;4686;4687;4698;4717;4735;4768;4790;4845;4886;4916;4931;4937;4959;4971;4983;5073;5076;5111;5128;5134;5230;5231;5323;5359;5440;5472;5475;5506;5535;5569;5581;5582;5636;5642;5650;5667;5668;5710;5739;5759;5796;5803;5857;5903;5954;5957;5965;5971;5985;6082;6090;6092;6098;6111;6164;6184;6227;6249;6339;6345;6375;6386;6387;6454;6514;6583;6626;6641;6659;6685;6698;6721;6728;6749;6841;6853;6871;6875;6878;6902;6923;6963;6967;6987;7008;7020;7050;7085;7101;7133;7138;7143;7147;7160;7169;7172;7206;7213;7247;7262;7273;7281;7283;7298;7330;7343;7398;7428;7437;7438;7439;7494;7499;7501;7510;7531;7585;7605;7613;7703;7838;7867;7881;7895;7901;7923;7930;7951;7987;7993;8014;8025;8074;8085;8101;8133;8146;8171,33554432,4096,10,0,0,Epoch_Not_Checked,d4dd5f93277bce36374cba0e5efd1311bca8d1f2245bbffd0cd3435513ff7373,d4dd5f93277bce36374cba0e5efd1311bca8d1f2245bbffd0cd3435513ff7373,d4dd5f93277bce36374cba0e5efd1311bca8d1f2245bbffd0cd3435513ff7373,888;3033;5178;7323;1276;3421;5566;7711;1664;3809,0,0,0,81.316,358.843,486.515,79232,0.381,0.101,0,0,0,0,0,0,0,0,0,0
KB1b_DropRaw_5pct_Random,4,Valid,drop_raw_random_pct,5;33;45;55;59;60;63;67;83;89;93;100;107;113;151;155;181;185;191;193;211;213;215;221;225;239;261;275;295;297;335;337;341;363;373;387;395;397;403;405;419;425;427;431;433;440;447;465;471;480;489;515;517;553;555;556;569;571;591;601;603;609;635;647;659;701;705;715;769;791;811;813;817;819;837;841;849;859;863;873;875;899;901;905;907;915;941;951;964;967;975;985;1011;1019;1035;1041;1053;1060;1083;1089;1099;1105;1123;1137;1151;1159;1163;1167;1201;1207;1209;1223;1238;1241;1255;1277;1299;1301;1303;1305;1307;1313;1336;1357;1365;1388;1389;1391;1439;1445;1465;1497;1504;1519;1548;1549;1577;1591;1593;1595;1653;1663;1689;1711;1715;1721;1733;1739;1751;1759;1787;1807;1837;1845;1849;1891;1893;1917;1929;1935;1958;1963;1973;1981;1999;2005;2031;2040;2057;2061;2067;2081;2139;2141;2216;2217;2229;2241;2261;2278;2311;2335;2347;2361;2369;2371;2373;2407;2421;2449;2509;2521;2529;2543;2583;2599;2637;2639;2644;2645;2647;2679;2717;2723;2814;2829;2861;2873;2889;2895;2905;2931;2945;2961;2980;2995;3029;3041;3077;3111;3115;3128;3167;3193;3215;3231;3235;3237;3253;3287;3295;3301;3363;3369;3373;3374;3385;3487;3495;3515;3533;3537;3545;3559;3573;3601;3637;3667;3707;3723;3755;3797;3813;3833;3849;3851;3895;3899;3910;3941;3959;3963;3971;3991;3997;4045;4049;4103;4123;4125;4133;4147;4179;4197;4207;4261;4265;4283;4295;4303;4361;4363;4380;4431;4437;4495;4521;4527;4557;4595;4605;4606;4645;4671;4685;4717;4719;4728;4751;4769;4773;4776;4786;4799;4810;4860;4886;4971;4993;5073;5147;5155;5159;5199;5267;5367;5379;5386;5415;5441;5449;5457;5473;5501;5505;5569;5573;5579;5593;5657;5665;5670;5673;5715;5761;5819;5869;5935;5951;5970;6053;6113;6122;6135;6141;6148;6153;6182;6189;6210;6211;6329;6339;6349;6356;6373;6414;6433;6461;6537;6547;6625;6693;6716;6745;6757;6767;6799;6807;6833;6889;6909;6967;6977;7007;7019;7075;7133;7191;7227;7231;7275;7363;7409;7457;7481;7496;7505;7533;7549;7569;7579;7589;7611;7645;7667;7675;7682;7718;7837;7899;7955;8009;8027;8039;8083;8085;8097;8169;8191,33554432,4096,10,0,0,Epoch_Valid,d4dd5f93277bce36374cba0e5efd1311bca8d1f2245bbffd0cd3435513ff7373,d4dd5f93277bce36374cba0e5efd1311bca8d1f2245bbffd0cd3435513ff7373,d4dd5f93277bce36374cba0e5efd1311bca8d1f2245bbffd0cd3435513ff7373,888;3033;5178;7323;1276;3421;5566;7711;1664;3809,5923.205,674.422,202484,81.316,358.843,486.515,79232,0.475,0.088,0,118.497,16019.463,1757.434,118.441,11488,374052,765.864,353.366,397372
KB1b_DropRaw_5pct_Random,5,Valid,drop_raw_random_pct,2;10;20;24;36;38;41;48;52;58;76;80;92;96;124;136;152;160;170;184;186;189;192;205;212;222;224;225;226;248;254;258;264;272;274;282;284;301;302;326;328;330;336;344;368;372;374;380;388;412;432;434;470;472;484;485;528;530;541;542;562;568;574;576;594;596;608;612;616;621;624;626;628;638;649;656;658;665;705;707;726;731;748;758;764;769;774;779;810;840;842;858;892;896;922;941;969;988;1038;1049;1077;1098;1105;1114;1164;1202;1234;1246;1274;1282;1289;1308;1317;1344;1346;1347;1348;1354;1378;1382;1414;1437;1442;1443;1469;1470;1472;1506;1529;1606;1620;1621;1626;1636;1656;1661;1693;1714;1718;1746;1760;1804;1821;1862;1889;1922;1981;1982;1993;1995;2046;2052;2070;2076;2113;2128;2160;2168;2216;2220;2304;2324;2330;2332;2356;2381;2396;2404;2411;2466;2467;2484;2486;2491;2492;2505;2507;2513;2531;2549;2570;2583;2606;2702;2725;2741;2750;2757;2773;2783;2793;2806;2828;2850;2858;2862;2865;2866;2870;2966;2997;3025;3037;3042;3046;3054;3056;3069;3093;3125;3142;3162;3196;3202;3208;3262;3284;3293;3301;3332;3379;3396;3398;3416;3425;3482;3493;3538;3592;3609;3630;3634;3638;3650;3674;3705;3746;3784;3806;3832;3910;3918;3959;4001;4010;4036;4041;4120;4189;4282;4332;4340;4354;4404;4421;4425;4462;4481;4500;4510;4526;4532;4550;4618;4645;4658;4662;4668;4671;4677;4700;4721;4724;4732;4738;4749;4784;4789;4818;4823;4829;4844;4850;4882;4949;4957;4997;5028;5041;5044;5056;5089;5102;5144;5148;5165;5212;5225;5263;5344;5358;5385;5406;5440;5529;5531;5537;5549;5551;5554;5556;5637;5695;5736;5738;5739;5777;5787;5795;5798;5800;5884;5893;5909;5911;5919;5938;5942;5945;5996;5997;6058;6060;6070;6089;6091;6109;6148;6152;6164;6231;6275;6302;6378;6389;6417;6431;6437;6449;6473;6475;6491;6498;6583;6585;6590;6613;6660;6677;6690;6731;6743;6778;6809;6811;6835;6934;6937;6963;6965;6971;6982;7011;7025;7063;7114;7182;7227;7313;7326;7381;7391;7435;7442;7454;7502;7519;7550;7581;7600;7701;7721;7751;7775;7782;7787;7790;7802;7830;7845;7906;7943;8034;8043;8059;8064;8074;8077;8134;8190,33554432,4096,10,0,0,Epoch_Valid,d4dd5f93277bce36374cba0e5efd1311bca8d1f2245bbffd0cd3435513ff7373,d4dd5f93277bce36374cba0e5efd1311bca8d1f2245bbffd0cd3435513ff7373,d4dd5f93277bce36374cba0e5efd1311bca8d1f2245bbffd0cd3435513ff7373,888;3033;5178;7323;1276;3421;5566;7711;1664;3809,5923.205,674.422,202484,81.316,358.843,486.515,79232,0.349,0.065,0,109.538,15205.765,1665.703,109.497,11488,448064,570.414,288.864,472044
KB1c_DropRaw_10pct_Random,1,Prover_Failed(missing_D_at_3033),drop_raw_random_pct,4;11;13;23;41;43;52;69;83;87;88;90;91;95;105;107;113;115;117;119;123;124;125;127;133;135;139;141;147;159;165;167;169;172;176;183;196;207;212;221;225;227;229;231;232;233;239;243;247;251;253;263;269;273;277;278;281;297;309;319;328;335;337;339;341;349;353;360;361;365;367;369;379;383;400;404;405;407;409;418;419;425;431;433;435;436;437;443;449;460;465;467;469;475;481;487;500;501;503;505;511;517;519;521;537;549;553;555;557;567;575;579;581;583;587;589;591;595;605;615;617;623;631;641;642;643;644;649;653;655;665;667;668;673;679;689;693;704;717;724;725;735;737;745;749;753;769;773;779;783;785;801;803;804;808;811;813;816;824;829;835;839;840;843;844;861;865;867;889;895;899;909;921;923;925;935;937;939;945;967;973;978;985;991;995;999;1004;1007;1013;1037;1056;1059;1063;1075;1077;1079;1131;1135;1137;1141;1157;1159;1161;1165;1172;1175;1179;1181;1205;1219;1223;1224;1229;1231;1233;1241;1243;1245;1253;1256;1261;1266;1273;1293;1302;1311;1312;1317;1327;1331;1333;1349;1359;1369;1371;1387;1393;1403;1428;1432;1433;1481;1485;1491;1505;1506;1509;1511;1513;1525;1527;1533;1541;1544;1549;1559;1562;1569;1579;1585;1587;1589;1591;1609;1611;1617;1625;1629;1636;1637;1643;1647;1649;1653;1657;1659;1669;1673;1675;1688;1693;1703;1715;1717;1730;1739;1753;1769;1783;1791;1819;1827;1832;1837;1840;1875;1879;1885;1889;1895;1905;1915;1925;1933;1935;1941;1968;1977;1983;2002;2003;2005;2029;2033;2049;2057;2060;2061;2063;2067;2075;2077;2103;2109;2113;2114;2115;2116;2117;2119;2128;2141;2147;2149;2153;2155;2175;2181;2183;2185;2189;2201;2209;2212;2213;2229;2241;2243;2259;2279;2289;2311;2314;2317;2318;2321;2325;2327;2331;2353;2361;2371;2380;2391;2423;2445;2453;2479;2485;2493;2520;2523;2551;2563;2567;2573;2579;2589;2613;2625;2653;2666;2675;2679;2695;2699;2701;2717;2731;2740;2775;2777;2797;2811;2829;2831;2835;2847;2849;2853;2863;2891;2899;2919;2927;2937;2963;2967;2975;2981;2991;3011;3021;3029;3033;3047;3051;3059;3061;3073;3075;3077;3081;3083;3085;3094;3095;3103;3104;3116;3127;3135;3149;3159;3174;3177;3178;3179;3191;3192;3203;3211;3213;3215;3217;3255;3275;3277;3285;3289;3292;3295;3311;3332;3333;3367;3371;3385;3391;3396;3418;3451;3477;3482;3497;3505;3519;3521;3559;3569;3575;3587;3603;3611;3618;3625;3629;3639;3647;3661;3675;3679;3681;3682;3695;3731;3735;3747;3763;3769;3772;3779;3801;3803;3811;3819;3825;3829;3841;3852;3860;3861;3873;3877;3880;3883;3891;3903;3905;3911;3945;3947;3959;3964;3977;3993;3997;4035;4039;4041;4049;4055;4061;4067;4083;4091;4103;4107;4122;4129;4130;4133;4143;4151;4153;4159;4174;4198;4199;4217;4219;4223;4233;4279;4291;4303;4325;4335;4338;4343;4385;4397;4409;4439;4441;4464;4469;4473;4477;4483;4515;4519;4525;4539;4551;4568;4571;4583;4589;4601;4614;4617;4651;4675;4700;4713;4721;4731;4761;4765;4794;4813;4825;4827;4838;4843;4850;4858;4859;4863;4867;4869;4883;4890;4909;4915;4919;4923;4935;4949;4957;4973;4981;4995;5015;5033;5041;5052;5058;5075;5079;5137;5143;5147;5153;5177;5201;5205;5218;5233;5289;5292;5307;5308;5313;5317;5339;5362;5369;5373;5377;5425;5443;5473;5477;5489;5491;5495;5507;5515;5519;5527;5537;5559;5604;5641;5666;5669;5671;5674;5683;5684;5685;5693;5706;5729;5743;5749;5751;5761;5775;5789;5797;5835;5847;5861;5864;5886;5887;5903;5923;5924;5934;5939;5949;5971;5997;6038;6049;6050;6053;6065;6071;6073;6076;6088;6089;6092;6143;6155;6169;6171;6184;6187;6189;6231;6233;6255;6269;6271;6273;6289;6303;6308;6333;6336;6339;6379;6406;6450;6515;6524;6567;6610;6611;6627;6629;6679;6681;6687;6698;6712;6725;6730;6764;6765;6767;6789;6820;6831;6833;6839;6843;6845;6875;6881;6903;6905;6935;6966;6969;6974;6975;6981;6988;6997;7065;7071;7081;7095;7105;7122;7123;7154;7157;7167;7171;7187;7193;7208;7223;7231;7257;7261;7281;7287;7297;7307;7314;7331;7339;7356;7392;7401;7405;7409;7431;7434;7453;7469;7475;7534;7549;7575;7608;7618;7639;7660;7667;7673;7691;7695;7697;7727;7817;7861;7865;7885;7917;7925;7927;7937;7949;7962;7997;8015;8026;8037;8043;8053;8062;8089;8091;8097;8106;8127;8157;8161;8175,33554432,4096,10,0,0,Epoch_Not_Checked,d4dd5f93277bce36374cba0e5efd1311bca8d1f2245bbffd0cd3435513ff7373,d4dd5f93277bce36374cba0e5efd1311bca8d1f2245bbffd0cd3435513ff7373,d4dd5f93277bce36374cba0e5efd1311bca8d1f2245bbffd0cd3435513ff7373,888;3033;5178;7323;1276;3421;5566;7711;1664;3809,0,0,0,81.316,358.843,486.515,79232,0.039,0.005,0,0,0,0,0,0,0,0,0,0
KB1c_DropRaw_10pct_Random,2,Prover_Failed(missing_D_at_888),drop_raw_random_pct,6;12;18;22;41;50;52;56;62;70;98;100;105;106;118;121;122;132;144;150;152;158;166;175;176;181;192;196;202;209;213;217;218;220;223;224;230;238;240;244;256;262;264;266;276;278;280;284;290;292;293;298;306;317;325;327;330;340;341;344;354;356;361;366;370;372;376;380;382;392;394;396;399;406;409;428;429;432;438;440;445;446;447;448;456;462;463;464;470;494;506;516;520;522;525;526;534;538;543;552;556;562;566;570;576;582;584;586;590;594;597;608;610;612;618;626;629;638;646;648;652;654;660;668;676;678;680;686;688;690;698;700;708;712;714;716;722;730;732;733;734;745;748;752;754;756;770;777;780;784;792;798;800;802;804;806;826;830;832;836;846;849;868;870;872;876;888;889;902;904;905;922;924;942;948;950;952;962;966;976;982;985;986;990;992;996;999;1002;1004;1016;1018;1022;1030;1042;1050;1052;1054;1056;1057;1058;1072;1076;1116;1118;1121;1144;1148;1150;1156;1168;1173;1174;1176;1194;1197;1204;1219;1226;1233;1249;1250;1256;1261;1281;1289;1290;1296;1300;1306;1311;1312;1324;1336;1338;1352;1354;1359;1364;1370;1373;1388;1390;1394;1396;1405;1438;1442;1454;1462;1465;1468;1470;1474;1482;1486;1489;1508;1509;1510;1522;1524;1538;1540;1556;1560;1566;1567;1578;1580;1582;1584;1586;1590;1601;1602;1622;1625;1626;1628;1630;1658;1669;1670;1684;1698;1705;1708;1718;1720;1725;1732;1738;1742;1758;1764;1774;1776;1783;1802;1821;1822;1828;1829;1831;1868;1902;1918;1928;1929;1944;1973;1981;2004;2013;2014;2017;2024;2026;2050;2072;2083;2113;2118;2121;2122;2124;2137;2138;2158;2160;2161;2164;2166;2170;2175;2196;2198;2228;2239;2265;2266;2273;2287;2290;2293;2296;2314;2317;2322;2346;2350;2353;2372;2378;2391;2398;2405;2413;2426;2437;2461;2488;2494;2511;2516;2521;2532;2533;2546;2562;2564;2573;2596;2606;2608;2618;2638;2647;2648;2653;2669;2674;2681;2699;2706;2714;2753;2758;2759;2762;2770;2798;2814;2828;2830;2836;2874;2881;2913;2920;2935;2942;2943;2947;2952;2962;2972;2988;3014;3020;3022;3028;3034;3048;3054;3058;3060;3145;3148;3158;3174;3221;3223;3233;3234;3241;3254;3269;3274;3276;3277;3281;3303;3314;3319;3338;3364;3369;3380;3397;3398;3406;3415;3420;3434;3440;3458;3493;3498;3522;3554;3567;3569;3594;3601;3608;3610;3615;3622;3625;3626;3657;3673;3712;3726;3736;3741;3750;3765;3783;3788;3793;3802;3815;3835;3857;3878;3885;3893;3896;3909;3930;3955;3961;4010;4012;4017;4031;4058;4060;4095;4117;4122;4166;4181;4182;4204;4212;4223;4270;4276;4277;4280;4286;4289;4313;4320;4337;4338;4344;4346;4358;4373;4409;4410;4414;4437;4438;4441;4451;4458;4469;4471;4477;4478;4488;4489;4490;4499;4506;4513;4523;4528;4532;4535;4551;4572;4573;4577;4585;4596;4609;4622;4625;4636;4641;4649;4694;4709;4710;4716;4730;4734;4742;4793;4817;4837;4876;4882;4922;4935;4961;4985;4990;4994;4997;5034;5065;5068;5082;5113;5117;5118;5162;5185;5186;5192;5193;5208;5216;5233;5236;5244;5292;5301;5313;5322;5329;5330;5346;5347;5375;5387;5398;5406;5409;5416;5431;5438;5439;5441;5444;5453;5455;5467;5476;5506;5519;5541;5567;5583;5587;5601;5609;5614;5617;5624;5629;5640;5660;5661;5662;5673;5675;5676;5689;5713;5717;5743;5786;5796;5803;5812;5815;5816;5823;5843;5873;5879;5882;5926;5938;5949;5959;5974;5981;5982;5991;5996;6002;6010;6020;6045;6061;6073;6117;6124;6163;6164;6184;6191;6208;6215;6248;6251;6266;6278;6293;6295;6299;6327;6346;6356;6357;6361;6370;6377;6378;6409;6432;6435;6451;6466;6471;6478;6483;6494;6497;6523;6542;6563;6583;6593;6613;6620;6621;6652;6654;6677;6686;6690;6705;6739;6747;6761;6774;6799;6800;6820;6839;6842;6893;6898;6904;6924;6926;6930;6958;7007;7009;7013;7015;7017;7041;7049;7057;7059;7079;7090;7097;7108;7125;7150;7153;7155;7159;7169;7189;7190;7231;7248;7249;7278;7286;7290;7305;7319;7330;7333;7334;7335;7344;7347;7350;7371;7379;7410;7461;7469;7474;7481;7526;7619;7621;7634;7639;7658;7673;7678;7681;7702;7719;7722;7732;7742;7745;7769;7779;7785;7787;7790;7798;7799;7813;7817;7819;7822;7829;7843;7849;7853;7860;7870;7871;7875;7888;7897;7904;7906;7921;7945;7951;7959;7961;8021;8047;8076;8088;8093;8106;8111;8118;8135;8143;8161;8167;8175;8181;8182,33554432,4096,10,0,0,Epoch_Not_Checked,d4dd5f93277bce36374cba0e5efd1311bca8d1f2245bbffd0cd3435513ff7373,d4dd5f93277bce36374cba0e5efd1311bca8d1f2245bbffd0cd3435513ff7373,d4dd5f93277bce36374cba0e5efd1311bca8d1f2245bbffd0cd3435513ff7373,888;3033;5178;7323;1276;3421;5566;7711;1664;3809,0,0,0,81.316,358.843,486.515,79232,0.000,0.000,0,0,0,0,0,0,0,0,0,0
KB1c_DropRaw_10pct_Random,3,Valid,drop_raw_random_pct,1;3;11;19;21;23;25;41;51;61;67;71;77;79;81;89;103;106;115;129;138;147;151;155;157;163;175;178;179;182;187;191;195;201;203;205;206;223;231;233;241;242;247;269;270;281;291;293;298;301;307;314;317;323;331;335;337;351;357;363;365;369;379;385;387;393;395;397;399;401;403;413;420;425;431;441;443;449;451;453;454;455;461;469;475;489;491;493;495;497;502;509;511;515;517;521;522;538;542;549;551;557;561;563;575;579;582;583;591;595;596;605;615;617;627;637;638;639;641;643;653;658;659;665;667;669;687;689;694;695;701;721;725;730;731;739;743;747;753;757;761;765;772;787;791;795;799;811;815;819;821;823;843;853;854;859;861;863;865;867;871;873;875;877;881;887;891;899;901;907;913;915;921;927;931;943;949;955;959;970;974;985;989;995;997;1003;1009;1013;1021;1023;1043;1047;1051;1061;1063;1066;1067;1068;1078;1079;1095;1097;1103;1109;1122;1125;1127;1131;1137;1145;1157;1159;1162;1166;1167;1169;1177;1178;1183;1202;1206;1207;1213;1217;1222;1226;1229;1235;1239;1249;1254;1259;1269;1279;1287;1295;1303;1309;1311;1315;1317;1321;1322;1327;1335;1350;1353;1355;1389;1401;1402;1403;1413;1446;1449;1459;1473;1475;1497;1502;1517;1523;1529;1537;1538;1554;1569;1573;1595;1597;1599;1611;1629;1633;1639;1643;1651;1660;1667;1675;1677;1679;1685;1697;1701;1707;1711;1719;1721;1731;1737;1741;1746;1751;1753;1757;1759;1763;1773;1777;1811;1823;1827;1835;1838;1843;1854;1873;1885;1893;1898;1911;1917;1927;1931;1935;1951;1959;1977;1989;1997;2006;2011;2012;2017;2021;2039;2042;2043;2045;2051;2063;2074;2098;2103;2129;2137;2145;2162;2163;2165;2181;2183;2199;2215;2223;2226;2227;2287;2290;2295;2299;2301;2308;2313;2315;2327;2331;2335;2337;2339;2355;2366;2379;2404;2407;2410;2425;2450;2457;2458;2465;2469;2473;2483;2530;2531;2539;2543;2545;2547;2557;2562;2571;2573;2587;2599;2603;2609;2621;2623;2625;2652;2666;2675;2683;2695;2703;2725;2727;2743;2753;2775;2783;2785;2799;2809;2810;2817;2829;2844;2845;2871;2879;2881;2884;2887;2897;2910;2915;2925;2955;2978;2983;2989;3005;3023;3039;3043;3052;3057;3065;3075;3087;3090;3091;3097;3103;3119;3121;3125;3151;3161;3169;3175;3179;3187;3217;3226;3227;3235;3237;3261;3262;3270;3275;3283;3285;3287;3290;3298;3303;3313;3337;3341;3347;3353;3357;3361;3371;3373;3379;3382;3385;3389;3391;3394;3395;3405;3419;3423;3446;3470;3471;3487;3502;3521;3529;3531;3533;3561;3562;3571;3579;3581;3606;3607;3615;3633;3647;3650;3651;3659;3662;3667;3683;3697;3699;3705;3709;3711;3717;3727;3729;3734;3739;3747;3749;3799;3801;3811;3813;3823;3837;3839;3857;3865;3883;3897;3899;3909;3931;3939;3943;3957;3969;3993;4001;4025;4031;4043;4073;4074;4079;4087;4123;4130;4159;4165;4178;4195;4225;4227;4242;4243;4255;4259;4281;4293;4299;4305;4329;4337;4347;4359;4361;4383;4401;4403;4420;4422;4433;4457;4459;4482;4493;4495;4499;4547;4561;4593;4602;4611;4625;4670;4689;4701;4719;4730;4739;4741;4743;4758;4769;4795;4803;4813;4821;4836;4853;4863;4865;4873;4901;4924;4927;4929;4935;4939;4943;4946;4947;4971;4993;4999;5001;5003;5021;5030;5031;5061;5069;5074;5086;5115;5127;5141;5161;5162;5163;5165;5197;5199;5203;5227;5230;5235;5237;5247;5254;5265;5291;5292;5311;5323;5338;5347;5359;5373;5383;5398;5426;5437;5445;5461;5471;5501;5542;5550;5554;5575;5579;5581;5589;5619;5625;5631;5673;5677;5725;5727;5754;5815;5826;5834;5837;5859;5865;5883;5893;5909;5913;5941;5949;5953;5955;5961;5970;5979;5981;5982;5987;5995;6023;6029;6033;6047;6077;6149;6169;6179;6203;6213;6225;6237;6274;6331;6353;6355;6375;6395;6483;6491;6493;6495;6503;6519;6522;6547;6555;6565;6569;6571;6598;6599;6625;6685;6689;6690;6691;6705;6793;6799;6841;6845;6861;6897;6911;6913;6915;6919;6937;6939;6951;6953;6955;6957;6970;6989;6991;7007;7022;7023;7033;7039;7045;7057;7062;7077;7133;7165;7167;7189;7199;7201;7211;7249;7253;7259;7277;7294;7301;7315;7321;7329;7335;7355;7357;7374;7378;7407;7423;7437;7451;7473;7490;7503;7521;7533;7583;7599;7605;7617;7633;7645;7669;7683;7747;7772;7801;7803;7845;7901;7926;7979;7990;7991;7997;8017;8027;8041;8053;8070;8090;8154;8157;8161;8165;8189,33554432,4096,10,0,0,Epoch_Valid,d4dd5f93277bce36374cba0e5efd1311bca8d1f2245bbffd0cd3435513ff7373,d4dd5f93277bce36374cba0e5efd1311bca8d1f2245bbffd0cd3435513ff7373,d4dd5f93277bce36374cba0e5efd1311bca8d1f2245bbffd0cd3435513ff7373,888;3033;5178;7323;1276;3421;5566;7711;1664;3809,5923.205,674.422,202484,81.316,358.843,486.515,79232,0.434,0.202,0,102.493,15433.125,1683.354,102.430,11488,383220,727.267,330.149,383672
KB1c_DropRaw_10pct_Random,4,Valid,drop_raw_random_pct,4;7;12;15;16;26;33;34;38;44;46;52;64;76;78;82;88;104;114;118;129;131;134;135;144;150;152;156;158;170;172;176;184;188;199;200;202;204;208;212;219;226;234;235;238;244;248;250;252;260;278;280;282;284;286;292;296;302;303;304;307;311;312;314;316;318;319;330;334;338;340;344;356;367;375;384;388;391;394;400;408;410;416;419;424;428;431;436;438;448;455;456;459;464;466;472;474;476;480;486;488;490;491;496;502;506;514;518;524;526;528;531;542;544;546;550;551;552;554;556;558;560;562;564;579;588;598;601;602;604;620;626;628;636;643;648;654;656;658;660;666;668;672;674;679;682;690;692;704;708;712;732;736;740;742;744;751;752;758;764;768;775;776;782;784;786;788;803;806;807;808;812;832;835;838;842;850;863;866;868;874;875;880;883;884;886;898;903;906;920;922;931;934;956;976;980;984;986;990;1014;1018;1040;1043;1046;1047;1062;1072;1075;1083;1094;1099;1104;1105;1106;1116;1122;1126;1134;1136;1140;1148;1164;1165;1178;1180;1183;1199;1204;1207;1210;1226;1228;1240;1244;1258;1298;1319;1343;1348;1350;1390;1398;1402;1410;1414;1416;1424;1427;1438;1442;1452;1456;1460;1482;1495;1496;1500;1512;1516;1532;1536;1538;1542;1554;1556;1562;1568;1574;1596;1604;1622;1627;1628;1634;1638;1652;1658;1665;1668;1673;1674;1675;1676;1682;1684;1688;1690;1724;1726;1750;1758;1761;1764;1784;1790;1795;1802;1806;1810;1821;1826;1830;1846;1851;1880;1896;1901;1912;1927;1950;1970;2004;2010;2023;2082;2083;2098;2103;2116;2118;2130;2134;2137;2142;2152;2156;2175;2178;2196;2200;2226;2228;2254;2266;2283;2295;2296;2299;2307;2313;2322;2324;2339;2363;2379;2411;2422;2425;2434;2436;2442;2446;2448;2451;2482;2484;2494;2498;2522;2530;2540;2559;2560;2572;2578;2590;2601;2608;2611;2615;2624;2630;2635;2648;2651;2675;2678;2686;2701;2715;2722;2728;2732;2737;2746;2751;2753;2768;2775;2776;2786;2817;2823;2839;2867;2870;2876;2919;2943;2944;2946;2954;2956;2961;2971;2972;2983;3012;3019;3021;3057;3059;3063;3076;3080;3110;3132;3133;3134;3154;3156;3168;3178;3190;3202;3214;3218;3224;3243;3257;3259;3260;3266;3267;3274;3278;3311;3318;3331;3335;3347;3351;3375;3418;3419;3420;3424;3440;3446;3462;3466;3467;3471;3497;3503;3528;3563;3567;3571;3587;3590;3591;3595;3664;3668;3695;3737;3743;3750;3755;3759;3766;3770;3792;3834;3840;3842;3847;3851;3853;3859;3868;3879;3887;3888;3895;3903;3915;3935;3958;3988;3998;4022;4048;4075;4080;4087;4109;4110;4122;4123;4138;4146;4148;4175;4180;4185;4223;4226;4231;4233;4235;4237;4244;4283;4287;4299;4303;4314;4318;4322;4330;4333;4338;4350;4383;4387;4400;4406;4411;4416;4423;4451;4460;4462;4463;4471;4473;4474;4482;4499;4507;4511;4515;4572;4597;4602;4603;4606;4613;4638;4670;4676;4678;4697;4698;4710;4718;4724;4738;4750;4771;4777;4789;4790;4791;4793;4798;4802;4817;4821;4823;4826;4859;4873;4877;4886;4887;4897;4904;4906;4908;4953;4961;4967;4978;4983;4985;5005;5007;5017;5046;5053;5057;5083;5091;5094;5102;5107;5158;5202;5222;5225;5236;5237;5241;5243;5245;5248;5292;5297;5321;5340;5352;5387;5402;5404;5420;5435;5447;5455;5463;5489;5494;5498;5511;5525;5585;5586;5592;5594;5612;5628;5629;5642;5643;5644;5645;5668;5671;5681;5684;5685;5690;5723;5734;5777;5783;5816;5818;5824;5857;5870;5879;5884;5930;5937;5952;5965;5971;5986;5991;6002;6004;6010;6011;6015;6027;6032;6053;6055;6065;6086;6111;6113;6127;6135;6147;6165;6177;6178;6179;6189;6203;6206;6210;6242;6265;6314;6315;6318;6333;6349;6358;6391;6406;6427;6441;6454;6477;6478;6539;6551;6554;6560;6591;6595;6599;6607;6613;6621;6634;6639;6666;6695;6712;6716;6741;6747;6754;6759;6760;6775;6783;6799;6813;6817;6863;6907;6908;6930;6943;6954;6958;6966;7002;7011;7019;7021;7046;7069;7078;7081;7094;7099;7131;7133;7153;7169;7209;7212;7247;7255;7301;7311;7315;7329;7330;7333;7348;7350;7375;7386;7410;7422;7423;7430;7450;7463;7479;7495;7499;7558;7582;7595;7596;7630;7662;7672;7705;7710;7721;7726;7735;7740;7751;7791;7794;7804;7814;7851;7863;7890;7897;7899;7901;7925;7926;7931;7942;7948;7959;7963;7964;7974;7994;8024;8054;8055;8061;8071;8085;8093;8103;8119;8134;8157;8173;8183,33554432,4096,10,0,0,Epoch_Valid,d4dd5f93277bce36374cba0e5efd1311bca8d1f2245bbffd0cd3435513ff7373,d4dd5f93277bce36374cba0e5efd1311bca8d1f2245bbffd0cd3435513ff7373,d4dd5f93277bce36374cba0e5efd1311bca8d1f2245bbffd0cd3435513ff7373,888;3033;5178;7323;1276;3421;5566;7711;1664;3809,5923.205,674.422,202484,81.316,358.843,486.515,79232,0.333,0.098,0,92.807,15033.478,1627.887,92.764,11488,434412,655.856,296.217,430012
KB1c_DropRaw_10pct_Random,5,Prover_Failed(missing_D_at_7323),drop_raw_random_pct,9;17;23;33;35;41;43;48;49;53;55;57;64;67;71;73;75;79;93;97;99;104;109;119;131;132;133;135;141;143;149;151;157;161;165;168;169;171;173;181;195;199;201;204;205;219;221;227;233;241;243;245;247;249;256;257;259;265;267;281;283;291;293;295;303;307;309;313;317;319;321;324;328;333;355;356;364;365;369;371;373;376;377;384;397;405;413;415;416;423;425;431;439;443;449;451;459;465;467;474;477;479;489;491;493;501;512;515;519;521;523;535;537;541;543;544;549;551;555;563;572;584;589;595;599;607;619;627;632;634;637;639;645;659;661;665;673;677;683;685;689;693;701;705;711;717;721;725;727;733;737;740;745;755;761;767;769;771;784;785;791;795;803;811;819;821;827;832;833;835;843;847;859;863;865;867;871;879;893;899;901;903;911;920;921;927;947;949;957;961;963;966;968;969;975;976;979;993;995;997;999;1001;1004;1005;1011;1016;1017;1048;1054;1057;1059;1063;1065;1071;1077;1081;1085;1087;1089;1101;1117;1123;1131;1132;1135;1157;1163;1167;1181;1201;1207;1215;1219;1225;1232;1237;1245;1255;1259;1263;1268;1269;1271;1289;1321;1326;1329;1337;1365;1369;1373;1379;1381;1383;1391;1395;1419;1428;1429;1433;1455;1461;1463;1467;1473;1475;1478;1479;1485;1489;1501;1551;1558;1575;1599;1600;1603;1614;1625;1631;1647;1657;1661;1664;1665;1669;1679;1683;1685;1689;1719;1725;1731;1740;1757;1765;1771;1781;1789;1791;1821;1824;1827;1837;1846;1852;1857;1861;1862;1867;1875;1887;1891;1893;1908;1911;1913;1915;1918;1923;1933;1934;1939;1940;1945;1953;1961;1965;1977;1983;1991;1999;2011;2013;2023;2033;2039;2061;2065;2083;2087;2092;2119;2121;2129;2151;2159;2171;2177;2183;2193;2203;2217;2233;2243;2247;2253;2255;2277;2283;2297;2317;2325;2381;2388;2405;2412;2419;2420;2425;2427;2430;2453;2461;2491;2493;2505;2515;2521;2529;2533;2549;2555;2563;2571;2597;2606;2622;2643;2671;2675;2676;2687;2689;2713;2723;2725;2732;2763;2767;2768;2773;2775;2783;2791;2793;2795;2811;2817;2823;2824;2827;2835;2849;2875;2881;2887;2895;2921;2923;2924;2928;2947;2949;2955;2959;2972;2977;3030;3047;3049;3055;3057;3068;3102;3107;3129;3132;3143;3145;3149;3160;3162;3169;3175;3179;3192;3193;3201;3219;3223;3235;3247;3258;3260;3265;3277;3295;3312;3315;3318;3319;3327;3339;3363;3373;3401;3413;3425;3443;3461;3465;3467;3469;3471;3475;3477;3485;3495;3501;3519;3521;3539;3541;3545;3577;3582;3583;3587;3593;3625;3633;3657;3659;3687;3711;3729;3761;3765;3771;3785;3795;3799;3809;3816;3831;3837;3845;3846;3847;3857;3859;3863;3878;3895;3897;3901;3903;3939;3947;3963;3985;3993;3999;4003;4005;4007;4035;4055;4065;4090;4111;4129;4136;4147;4187;4195;4212;4213;4229;4235;4239;4245;4286;4291;4315;4323;4371;4373;4377;4443;4445;4446;4457;4459;4487;4495;4497;4511;4555;4577;4587;4592;4629;4649;4654;4671;4678;4689;4691;4711;4721;4735;4753;4807;4811;4815;4819;4846;4867;4885;4887;4888;4891;4897;4907;4917;4939;4941;4950;4959;4965;4971;4977;4985;4997;4999;5011;5017;5023;5035;5047;5068;5091;5107;5173;5177;5192;5249;5267;5277;5284;5309;5318;5331;5365;5369;5385;5387;5397;5399;5427;5455;5465;5469;5484;5485;5488;5492;5505;5539;5547;5553;5555;5573;5581;5583;5589;5599;5605;5622;5624;5653;5665;5691;5693;5712;5723;5726;5757;5763;5797;5823;5839;5858;5875;5887;5891;5901;5905;5919;5931;5935;5937;5950;5951;5973;5981;5997;6033;6055;6065;6071;6086;6101;6102;6113;6133;6190;6207;6211;6219;6249;6255;6259;6275;6282;6295;6303;6305;6319;6333;6345;6369;6373;6381;6391;6434;6449;6469;6471;6473;6499;6509;6521;6545;6549;6597;6613;6617;6637;6651;6653;6657;6659;6664;6671;6689;6691;6693;6701;6727;6759;6795;6801;6803;6895;6903;6904;6909;6910;6913;6922;6939;6953;6963;6971;6975;6981;6984;6987;7043;7057;7065;7085;7098;7141;7171;7174;7181;7183;7205;7218;7225;7229;7233;7250;7266;7269;7271;7280;7323;7329;7339;7340;7347;7353;7365;7384;7391;7405;7432;7461;7517;7518;7523;7531;7543;7573;7643;7647;7662;7667;7691;7695;7711;7719;7722;7753;7755;7782;7789;7805;7827;7831;7845;7859;7865;7879;7893;7899;7921;7942;7969;7977;7983;7995;8026;8061;8065;8069;8076;8109;8131;8133;8149;8159;8171;8191,33554432,4096,10,0,0,Epoch_Not_Checked,d4dd5f93277bce36374cba0e5efd1311bca8d1f2245bbffd0cd3435513ff7373,d4dd5f93277bce36374cba0e5efd1311bca8d1f2245bbffd0cd3435513ff7373,d4dd5f93277bce36374cba0e5efd1311bca8d1f2245bbffd0cd3435513ff7373,888;3033;5178;7323;1276;3421;5566;7711;1664;3809,0,0,0,81.316,358.843,486.515,79232,0.108,0.077,0,0,0,0,0,0,0,0,0,0
KB2_DropRaw_AtChallenge,1,Prover_Failed(missing_D_at_888),drop_raw_at_challenges,888;3033;5178;7323;1276;3421;5566;7711;1664;3809,33554432,4096,10,0,0,Epoch_Not_Checked,d4dd5f93277bce36374cba0e5efd1311bca8d1f2245bbffd0cd3435513ff7373,d4dd5f93277bce36374cba0e5efd1311bca8d1f2245bbffd0cd3435513ff7373,d4dd5f93277bce36374cba0e5efd1311bca8d1f2245bbffd0cd3435513ff7373,888;3033;5178;7323;1276;3421;5566;7711;1664;3809,0,0,0,81.316,358.843,486.515,79232,0.000,0.000,0,0,0,0,0,0,0,0,0,0
KB2_DropRaw_AtChallenge,2,Prover_Failed(missing_D_at_888),drop_raw_at_challenges,888;3033;5178;7323;1276;3421;5566;7711;1664;3809,33554432,4096,10,0,0,Epoch_Not_Checked,d4dd5f93277bce36374cba0e5efd1311bca8d1f2245bbffd0cd3435513ff7373,d4dd5f93277bce36374cba0e5efd1311bca8d1f2245bbffd0cd3435513ff7373,d4dd5f93277bce36374cba0e5efd1311bca8d1f2245bbffd0cd3435513ff7373,888;3033;5178;7323;1276;3421;5566;7711;1664;3809,0,0,0,81.316,358.843,486.515,79232,0.000,0.000,0,0,0,0,0,0,0,0,0,0
KB2_DropRaw_AtChallenge,3,Prover_Failed(missing_D_at_888),drop_raw_at_challenges,888;3033;5178;7323;1276;3421;5566;7711;1664;3809,33554432,4096,10,0,0,Epoch_Not_Checked,d4dd5f93277bce36374cba0e5efd1311bca8d1f2245bbffd0cd3435513ff7373,d4dd5f93277bce36374cba0e5efd1311bca8d1f2245bbffd0cd3435513ff7373,d4dd5f93277bce36374cba0e5efd1311bca8d1f2245bbffd0cd3435513ff7373,888;3033;5178;7323;1276;3421;5566;7711;1664;3809,0,0,0,81.316,358.843,486.515,79232,0.000,0.000,0,0,0,0,0,0,0,0,0,0
KB2_DropRaw_AtChallenge,4,Prover_Failed(missing_D_at_888),drop_raw_at_challenges,888;3033;5178;7323;1276;3421;5566;7711;1664;3809,33554432,4096,10,0,0,Epoch_Not_Checked,d4dd5f93277bce36374cba0e5efd1311bca8d1f2245bbffd0cd3435513ff7373,d4dd5f93277bce36374cba0e5efd1311bca8d1f2245bbffd0cd3435513ff7373,d4dd5f93277bce36374cba0e5efd1311bca8d1f2245bbffd0cd3435513ff7373,888;3033;5178;7323;1276;3421;5566;7711;1664;3809,0,0,0,81.316,358.843,486.515,79232,0.000,0.000,0,0,0,0,0,0,0,0,0,0
KB2_DropRaw_AtChallenge,5,Prover_Failed(missing_D_at_888),drop_raw_at_challenges,888;3033;5178;7323;1276;3421;5566;7711;1664;3809,33554432,4096,10,0,0,Epoch_Not_Checked,d4dd5f93277bce36374cba0e5efd1311bca8d1f2245bbffd0cd3435513ff7373,d4dd5f93277bce36374cba0e5efd1311bca8d1f2245bbffd0cd3435513ff7373,d4dd5f93277bce36374cba0e5efd1311bca8d1f2245bbffd0cd3435513ff7373,888;3033;5178;7323;1276;3421;5566;7711;1664;3809,0,0,0,81.316,358.843,486.515,79232,0.000,0.000,0,0,0,0,0,0,0,0,0,0
KB3_DropState_AtChallengePrev,1,Prover_Failed(missing_S_at_887),drop_states_at_prev,887;3032;5177;7322;1275;3420;5565;7710;1663;3808,33554432,4096,10,0,0,Epoch_Not_Checked,d4dd5f93277bce36374cba0e5efd1311bca8d1f2245bbffd0cd3435513ff7373,d4dd5f93277bce36374cba0e5efd1311bca8d1f2245bbffd0cd3435513ff7373,d4dd5f93277bce36374cba0e5efd1311bca8d1f2245bbffd0cd3435513ff7373,888;3033;5178;7323;1276;3421;5566;7711;1664;3809,0,0,0,81.316,358.843,486.515,79232,0.047,0.000,0,0,0,0,0,0,0,0,0,0
KB3_DropState_AtChallengePrev,2,Prover_Failed(missing_S_at_887),drop_states_at_prev,887;3032;5177;7322;1275;3420;5565;7710;1663;3808,33554432,4096,10,0,0,Epoch_Not_Checked,d4dd5f93277bce36374cba0e5efd1311bca8d1f2245bbffd0cd3435513ff7373,d4dd5f93277bce36374cba0e5efd1311bca8d1f2245bbffd0cd3435513ff7373,d4dd5f93277bce36374cba0e5efd1311bca8d1f2245bbffd0cd3435513ff7373,888;3033;5178;7323;1276;3421;5566;7711;1664;3809,0,0,0,81.316,358.843,486.515,79232,0.046,0.000,0,0,0,0,0,0,0,0,0,0
KB3_DropState_AtChallengePrev,3,Prover_Failed(missing_S_at_887),drop_states_at_prev,887;3032;5177;7322;1275;3420;5565;7710;1663;3808,33554432,4096,10,0,0,Epoch_Not_Checked,d4dd5f93277bce36374cba0e5efd1311bca8d1f2245bbffd0cd3435513ff7373,d4dd5f93277bce36374cba0e5efd1311bca8d1f2245bbffd0cd3435513ff7373,d4dd5f93277bce36374cba0e5efd1311bca8d1f2245bbffd0cd3435513ff7373,888;3033;5178;7323;1276;3421;5566;7711;1664;3809,0,0,0,81.316,358.843,486.515,79232,0.048,0.000,0,0,0,0,0,0,0,0,0,0
KB3_DropState_AtChallengePrev,4,Prover_Failed(missing_S_at_887),drop_states_at_prev,887;3032;5177;7322;1275;3420;5565;7710;1663;3808,33554432,4096,10,0,0,Epoch_Not_Checked,d4dd5f93277bce36374cba0e5efd1311bca8d1f2245bbffd0cd3435513ff7373,d4dd5f93277bce36374cba0e5efd1311bca8d1f2245bbffd0cd3435513ff7373,d4dd5f93277bce36374cba0e5efd1311bca8d1f2245bbffd0cd3435513ff7373,888;3033;5178;7323;1276;3421;5566;7711;1664;3809,0,0,0,81.316,358.843,486.515,79232,0.048,0.000,0,0,0,0,0,0,0,0,0,0
KB3_DropState_AtChallengePrev,5,Prover_Failed(missing_S_at_887),drop_states_at_prev,887;3032;5177;7322;1275;3420;5565;7710;1663;3808,33554432,4096,10,0,0,Epoch_Not_Checked,d4dd5f93277bce36374cba0e5efd1311bca8d1f2245bbffd0cd3435513ff7373,d4dd5f93277bce36374cba0e5efd1311bca8d1f2245bbffd0cd3435513ff7373,d4dd5f93277bce36374cba0e5efd1311bca8d1f2245bbffd0cd3435513ff7373,888;3033;5178;7323;1276;3421;5566;7711;1664;3809,0,0,0,81.316,358.843,486.515,79232,0.049,0.000,0,0,0,0,0,0,0,0,0,0
KB4_OldProof_NewEpoch,1,Invalid,epoch_mismatch,,33554432,4096,10,0,1,Epoch_Mismatch,d4dd5f93277bce36374cba0e5efd1311bca8d1f2245bbffd0cd3435513ff7373,2c22f7259f2319edaa9f3034aa05a906ba7cf6d782835040c381c7eee2966335,d4dd5f93277bce36374cba0e5efd1311bca8d1f2245bbffd0cd3435513ff7373,888;3033;5178;7323;1276;3421;5566;7711;1664;3809,5923.205,674.422,202484,81.316,358.843,486.515,79232,0.463,0.015,0,97.465,16024.490,1736.565,97.418,11488,384624,674.004,0.990,385928
KB4_OldProof_NewEpoch,2,Invalid,epoch_mismatch,,33554432,4096,10,0,1,Epoch_Mismatch,d4dd5f93277bce36374cba0e5efd1311bca8d1f2245bbffd0cd3435513ff7373,2c22f7259f2319edaa9f3034aa05a906ba7cf6d782835040c381c7eee2966335,d4dd5f93277bce36374cba0e5efd1311bca8d1f2245bbffd0cd3435513ff7373,888;3033;5178;7323;1276;3421;5566;7711;1664;3809,5923.205,674.422,202484,81.316,358.843,486.515,79232,0.333,0.011,0,148.297,21295.422,2315.712,148.263,11488,354132,792.209,0.969,373436
KB4_OldProof_NewEpoch,3,Invalid,epoch_mismatch,,33554432,4096,10,0,1,Epoch_Mismatch,d4dd5f93277bce36374cba0e5efd1311bca8d1f2245bbffd0cd3435513ff7373,2c22f7259f2319edaa9f3034aa05a906ba7cf6d782835040c381c7eee2966335,d4dd5f93277bce36374cba0e5efd1311bca8d1f2245bbffd0cd3435513ff7373,888;3033;5178;7323;1276;3421;5566;7711;1664;3809,5923.205,674.422,202484,81.316,358.843,486.515,79232,0.438,0.014,0,129.881,19270.529,2094.118,129.836,11488,339284,598.543,0.893,350736
KB4_OldProof_NewEpoch,4,Invalid,epoch_mismatch,,33554432,4096,10,0,1,Epoch_Mismatch,d4dd5f93277bce36374cba0e5efd1311bca8d1f2245bbffd0cd3435513ff7373,2c22f7259f2319edaa9f3034aa05a906ba7cf6d782835040c381c7eee2966335,d4dd5f93277bce36374cba0e5efd1311bca8d1f2245bbffd0cd3435513ff7373,888;3033;5178;7323;1276;3421;5566;7711;1664;3809,5923.205,674.422,202484,81.316,358.843,486.515,79232,0.374,0.011,0,160.639,20170.328,2223.845,160.600,11488,490524,892.891,1.114,480784
KB4_OldProof_NewEpoch,5,Invalid,epoch_mismatch,,33554432,4096,10,0,1,Epoch_Mismatch,d4dd5f93277bce36374cba0e5efd1311bca8d1f2245bbffd0cd3435513ff7373,2c22f7259f2319edaa9f3034aa05a906ba7cf6d782835040c381c7eee2966335,d4dd5f93277bce36374cba0e5efd1311bca8d1f2245bbffd0cd3435513ff7373,888;3033;5178;7323;1276;3421;5566;7711;1664;3809,5923.205,674.422,202484,81.316,358.843,486.515,79232,0.552,0.091,0,138.089,22095.894,2389.540,138.024,11488,372728,681.906,1.050,360516
