Scenario,Run_ID,Status,Attack_Mode,Drop_Targets,Sector_Size_Bytes,Chunk_Size_Bytes,Challenges_Per_Epoch,Proof_Epoch,Verify_Epoch,Epoch_Status,Proof_Epoch_Hash,Verify_Epoch_Hash,Challenge_Seed,Challenge_Indices,Setup_PublicParams_ms,Setup_PkVk_ms,Setup_RAM_peak_KiB,Seal_C_chunk_absorb_4KB_ms,Seal_C_hash_poseidon2_ms,Seal_C_merkle_build_ms,Seal_IO_read_ms,Seal_IO_read_count,Seal_RAM_peak_KiB,Challenge_C_hash_poseidon2_ms,Challenge_C_merkle_path_ms,Challenge_IO_read_ms,Challenge_IO_read_count,Challenge_RAM_peak_KiB,C_step_total_ms,C_augmented_nova_ms,prove_time_per_step_ms,fold_time_per_step_ms,compressed_proof_size_bytes,Prove_RAM_peak_KiB,Verify_VK_Setup_ms,verify_time_ms,Verify_RAM_peak_KiB
KB0_HappyPath,1,Valid,no_attack,,33554432,4096,20,0,0,Epoch_Valid,2fc70d6711e683fde498d7ab7b861d7f1faeb2211876663b255b6e1b78db01d3,2fc70d6711e683fde498d7ab7b861d7f1faeb2211876663b255b6e1b78db01d3,beacon:2fc70d6711e683fde498d7ab7b861d7f1faeb2211876663b255b6e1b78db01d3|sector:6491|epoch:0,197;25;144;121;249;49;247;240;132;84;219;137;243;249;66;64;17;72;66;223,6700.510,646.730,159988,12.378,16416.180,36.194,12.680,8192,3140,39.671,0.049,1.457,20,15516,81.690,18862.276,1078.975,79.704,11920,22748,0.000,325.437,224276
KB0_HappyPath,2,Valid,no_attack,,33554432,4096,20,0,0,Epoch_Valid,2fc70d6711e683fde498d7ab7b861d7f1faeb2211876663b255b6e1b78db01d3,2fc70d6711e683fde498d7ab7b861d7f1faeb2211876663b255b6e1b78db01d3,beacon:2fc70d6711e683fde498d7ab7b861d7f1faeb2211876663b255b6e1b78db01d3|sector:6491|epoch:0,197;25;144;121;249;49;247;240;132;84;219;137;243;249;66;64;17;72;66;223,6700.510,646.730,159988,12.378,16416.180,36.194,12.680,8192,3140,41.859,0.063,1.795,20,1252,79.745,19630.704,1116.416,77.649,11920,3740,0.000,350.821,225352
KB0_HappyPath,3,Valid,no_attack,,33554432,4096,20,0,0,Epoch_Valid,2fc70d6711e683fde498d7ab7b861d7f1faeb2211876663b255b6e1b78db01d3,2fc70d6711e683fde498d7ab7b861d7f1faeb2211876663b255b6e1b78db01d3,beacon:2fc70d6711e683fde498d7ab7b861d7f1faeb2211876663b255b6e1b78db01d3|sector:6491|epoch:0,197;25;144;121;249;49;247;240;132;84;219;137;243;249;66;64;17;72;66;223,6700.510,646.730,159988,12.378,16416.180,36.194,12.680,8192,3140,43.788,0.071,2.013,20,10564,77.798,20456.371,1152.466,75.605,11920,8664,0.001,337.617,226912
KB0_HappyPath,4,Valid,no_attack,,33554432,4096,20,0,0,Epoch_Valid,2fc70d6711e683fde498d7ab7b861d7f1faeb2211876663b255b6e1b78db01d3,2fc70d6711e683fde498d7ab7b861d7f1faeb2211876663b255b6e1b78db01d3,beacon:2fc70d6711e683fde498d7ab7b861d7f1faeb2211876663b255b6e1b78db01d3|sector:6491|epoch:0,197;25;144;121;249;49;247;240;132;84;219;137;243;249;66;64;17;72;66;223,6700.510,646.730,159988,12.378,16416.180,36.194,12.680,8192,3140,42.039,0.057,1.831,20,1064,83.345,20208.288,1148.121,81.240,11920,5516,0.000,356.093,227592
KB0_HappyPath,5,Valid,no_attack,,33554432,4096,20,0,0,Epoch_Valid,2fc70d6711e683fde498d7ab7b861d7f1faeb2211876663b255b6e1b78db01d3,2fc70d6711e683fde498d7ab7b861d7f1faeb2211876663b255b6e1b78db01d3,beacon:2fc70d6711e683fde498d7ab7b861d7f1faeb2211876663b255b6e1b78db01d3|sector:6491|epoch:0,197;25;144;121;249;49;247;240;132;84;219;137;243;249;66;64;17;72;66;223,6700.510,646.730,159988,12.378,16416.180,36.194,12.680,8192,3140,41.465,0.059,1.653,20,4440,78.438,19944.317,1127.554,76.362,11920,9744,0.000,360.898,227944
KB1a_DropRaw_1pct_Random,1,Prover_Failed(missing_D_at_137),drop_raw_random_pct,R1885;R1061;R5995;R2219;R851;R40;R2123;R63;R1195;R1177;R115;R545;R69;R5917;R5751;R3;R1155;R6333;R1607;R1902;R7747;R2517;R1663;R7187;R1041;R3793;R1873;R4793;R1755;R3827;R1935;R3401;R2245;R1737;R2957;R57;R2361;R7719;R4191;R6780;R667;R1881;R107;R1267;R29;R3903;R5385;R5495;R5739;R2471;R6163;R5233;R2343;R829;R8065;R4406;R1139;R539;R3925;R1993;R1687;R2215;R5179;R137;R4125;R2615;R4833;R411;R2089;R2416;R4747;R5641;R6719;R409;R3549;R3183;R3741;R1275;R1759;R177;R363;R903,33554432,4096,20,0,0,Epoch_Not_Checked,2fc70d6711e683fde498d7ab7b861d7f1faeb2211876663b255b6e1b78db01d3,2fc70d6711e683fde498d7ab7b861d7f1faeb2211876663b255b6e1b78db01d3,beacon:2fc70d6711e683fde498d7ab7b861d7f1faeb2211876663b255b6e1b78db01d3|sector:6491|epoch:0,197;25;144;121;249;49;247;240;132;84;219;137;243;249;66;64;17;72;66;223,0,0,0,12.378,16416.180,36.194,12.680,8192,3140,21.968,0.027,0.807,11,40,0,0,0,0,0,0,0,0,0
KB1a_DropRaw_1pct_Random,2,Valid,drop_raw_random_pct,R2666;R6756;R4801;R4061;R676;R1178;R174;R6284;R1611;R7033;R4771;R5703;R3402;R1197;R1256;R6085;R1462;R5555;R1958;R7803;R5707;R1034;R3010;R1613;R885;R5335;R1220;R874;R3563;R7337;R2569;R1036;R524;R1522;R6061;R4693;R3625;R330;R2382;R1898;R286;R4751;R86;R2979;R3809;R6734;R7517;R7357;R4601;R1164;R280;R2682;R4409;R2710;R2606;R3206;R4496;R1072;R5010;R2144;R4597;R2118;R290;R5822;R6894;R282;R2;R1370;R574;R4194;R2057;R3562;R1346;R325;R7317;R188;R4959;R4188;R5356;R1210;R5846;R2270,33554432,4096,20,0,0,Epoch_Valid,2fc70d6711e683fde498d7ab7b861d7f1faeb2211876663b255b6e1b78db01d3,2fc70d6711e683fde498d7ab7b861d7f1faeb2211876663b255b6e1b78db01d3,beacon:2fc70d6711e683fde498d7ab7b861d7f1faeb2211876663b255b6e1b78db01d3|sector:6491|epoch:0,197;25;144;121;249;49;247;240;132;84;219;137;243;249;66;64;17;72;66;223,6700.510,646.730,159988,12.378,16416.180,36.194,12.680,8192,3140,43.440,0.059,1.855,20,3436,77.063,20726.484,1165.883,74.888,11920,13308,0.001,493.324,227928
KB1a_DropRaw_1pct_Random,3,Prover_Failed(missing_D_at_25),drop_raw_random_pct,R7711;R275;R5363;R903;R5787;R2359;R645;R5483;R399;R5645;R1577;R1771;R925;R503;R1929;R4381;R421;R7947;R491;R671;R289;R5581;R839;R71;R2775;R5790;R3205;R1345;R2005;R535;R609;R1971;R4789;R605;R7727;R4889;R874;R401;R3959;R3129;R437;R31;R241;R2545;R465;R909;R259;R277;R7793;R3454;R5081;R2423;R7809;R25;R6553;R1991;R3181;R2949;R6623;R3606;R2635;R6483;R4283;R3019;R75;R243;R6115;R4375;R881;R7667;R1237;R4865;R3287;R2997;R2537;R6391;R291;R79;R113;R7361;R777;R7385,33554432,4096,20,0,0,Epoch_Not_Checked,2fc70d6711e683fde498d7ab7b861d7f1faeb2211876663b255b6e1b78db01d3,2fc70d6711e683fde498d7ab7b861d7f1faeb2211876663b255b6e1b78db01d3,beacon:2fc70d6711e683fde498d7ab7b861d7f1faeb2211876663b255b6e1b78db01d3|sector:6491|epoch:0,197;25;144;121;249;49;247;240;132;84;219;137;243;249;66;64;17;72;66;223,0,0,0,12.378,16416.180,36.194,12.680,8192,3140,2.708,0.007,0.096,1,1104,0,0,0,0,0,0,0,0,0
KB1a_DropRaw_1pct_Random,4,Prover_Failed(missing_D_at_132),drop_raw_random_pct,R4604;R3198;R430;R656;R20;R7415;R36;R2391;R7175;R2360;R2042;R8159;R165;R6132;R8037;R4180;R1739;R1010;R6363;R2680;R2963;R2372;R582;R5435;R1546;R6668;R8;R4595;R7651;R58;R5926;R6222;R6215;R2918;R1372;R2910;R132;R1008;R46;R282;R218;R366;R1368;R234;R1535;R278;R502;R4698;R5766;R6838;R5534;R2630;R7769;R7395;R6703;R6387;R7289;R7214;R7813;R5495;R3074;R1183;R711;R350;R670;R6068;R2723;R1330;R6855;R1612;R4495;R5617;R4651;R5180;R6389;R3927;R7575;R6199;R2138;R306;R1883;R7421,33554432,4096,20,0,0,Epoch_Not_Checked,2fc70d6711e683fde498d7ab7b861d7f1faeb2211876663b255b6e1b78db01d3,2fc70d6711e683fde498d7ab7b861d7f1faeb2211876663b255b6e1b78db01d3,beacon:2fc70d6711e683fde498d7ab7b861d7f1faeb2211876663b255b6e1b78db01d3|sector:6491|epoch:0,197;25;144;121;249;49;247;240;132;84;219;137;243;249;66;64;17;72;66;223,0,0,0,12.378,16416.180,36.194,12.680,8192,3140,20.108,0.045,0.722,8,1036,0,0,0,0,0,0,0,0,0
KB1a_DropRaw_1pct_Random,5,Valid,drop_raw_random_pct,R2437;R167;R4161;R811;R359;R663;R135;R647;R1065;R6035;R109;R6709;R6025;R5875;R2279;R1563;R1409;R7381;R3589;R3455;R141;R1769;R713;R3245;R1403;R289;R479;R5247;R471;R429;R1887;R6731;R7635;R1665;R3407;R1530;R1155;R191;R385;R5045;R1975;R2233;R2758;R4715;R6981;R4365;R459;R2091;R3221;R809;R1912;R4091;R3115;R8167;R3907;R5515;R7723;R1599;R507;R477;R4337;R991;R277;R27;R3121;R5561;R4833;R4279;R577;R6643;R89;R405;R3939;R3803;R2299;R87;R921;R2881;R5093;R2459;R7973;R6429,33554432,4096,20,0,0,Epoch_Valid,2fc70d6711e683fde498d7ab7b861d7f1faeb2211876663b255b6e1b78db01d3,2fc70d6711e683fde498d7ab7b861d7f1faeb2211876663b255b6e1b78db01d3,beacon:2fc70d6711e683fde498d7ab7b861d7f1faeb2211876663b255b6e1b78db01d3|sector:6491|epoch:0,197;25;144;121;249;49;247;240;132;84;219;137;243;249;66;64;17;72;66;223,6700.510,646.730,159988,12.378,16416.180,36.194,12.680,8192,3140,46.260,0.093,1.972,20,6048,96.582,21780.910,1250.725,94.265,11920,11900,0.000,393.601,230876
KB1b_DropRaw_5pct_Random,1,Prover_Failed(missing_D_at_132),drop_raw_random_pct,R5831;R5917;R504;R3302;R4208;R556;R1381;R6839;R2934;R6764;R4175;R2077;R3029;R260;R6550;R160;R5395;R764;R1510;R332;R20;R194;R1558;R6013;R264;R3869;R1366;R4103;R7231;R854;R1940;R4250;R3681;R1014;R2069;R7482;R2364;R588;R360;R3703;R5268;R104;R1392;R1242;R3563;R4177;R1486;R4225;R1526;R1846;R426;R2941;R2550;R6075;R4420;R4774;R5616;R4849;R6441;R586;R4318;R508;R6452;R334;R520;R1423;R4303;R2009;R1938;R442;R1100;R6742;R2;R88;R6781;R6173;R1802;R7751;R2817;R1028;R1592;R4755;R64;R4898;R6449;R3207;R2937;R2576;R7089;R5125;R8;R7039;R3537;R3294;R6489;R3713;R128;R62;R382;R5833;R6605;R3011;R3260;R3462;R3516;R5509;R7405;R490;R16;R4520;R6155;R7579;R177;R474;R1048;R7507;R6190;R6463;R6214;R3465;R880;R24;R3844;R5245;R5269;R948;R7653;R458;R7225;R970;R3417;R4456;R7828;R3973;R5045;R472;R2835;R3954;R3014;R6318;R376;R7326;R7622;R2736;R170;R366;R262;R3026;R4291;R1613;R2825;R5016;R4087;R902;R3642;R80;R106;R4163;R1875;R1569;R6186;R506;R398;R1284;R4726;R3303;R118;R7309;R790;R4877;R2593;R198;R5208;R1002;R1032;R2618;R281;R2522;R557;R2385;R286;R5316;R957;R1839;R1626;R7755;R6577;R3678;R706;R2489;R6526;R7293;R982;R4062;R7081;R4982;R1038;R2289;R5147;R6050;R2557;R7497;R4130;R633;R122;R3081;R6678;R565;R1190;R1854;R1954;R6457;R1158;R6966;R352;R1136;R3233;R3935;R4434;R7620;R58;R397;R7469;R6150;R5478;R57;R1634;R8041;R7815;R4084;R930;R4698;R3590;R6025;R1582;R6473;R874;R418;R530;R542;R5377;R6521;R4842;R6300;R837;R1679;R4054;R5073;R2384;R3298;R65;R2284;R8073;R5290;R4125;R8019;R2613;R324;R852;R1008;R7068;R3750;R4545;R3697;R1156;R5175;R3526;R5809;R7725;R226;R52;R4693;R3103;R2590;R5660;R2446;R5495;R256;R4800;R446;R2150;R1649;R2329;R2056;R4596;R6947;R7298;R250;R2022;R950;R186;R6690;R2134;R7319;R2824;R714;R5357;R1557;R73;R1866;R825;R5623;R5241;R4487;R302;R7117;R4226;R1589;R294;R6227;R6611;R6021;R132;R130;R4320;R393;R208;R1085;R4517;R7628;R8120;R2433;R830;R3348;R6985;R3279;R312;R368;R856;R214;R1783;R876;R7373;R6474;R7166;R3310;R5498;R3114;R4763;R2717;R6376;R1958;R2791;R1956;R268;R234;R4841;R988;R7347;R1096;R1022;R4939;R4863;R2763;R1598;R1976;R124;R4634;R5640;R68;R206;R98;R5628;R390;R8186;R6668;R4958;R6675;R271;R1109;R4648;R670;R8148;R5625;R5115;R6163;R4803;R4109;R4756;R3060;R6322;R958;R6332;R4325;R722;R1266;R4798;R3831;R7539;R2386;R2722;R1478;R444;R434;R4233;R1305;R3990;R5679;R1529;R354;R1337;R3489;R90;R113;R1316;R7665;R5070;R1052;R7805;R5937,33554432,4096,20,0,0,Epoch_Not_Checked,2fc70d6711e683fde498d7ab7b861d7f1faeb2211876663b255b6e1b78db01d3,2fc70d6711e683fde498d7ab7b861d7f1faeb2211876663b255b6e1b78db01d3,beacon:2fc70d6711e683fde498d7ab7b861d7f1faeb2211876663b255b6e1b78db01d3|sector:6491|epoch:0,197;25;144;121;249;49;247;240;132;84;219;137;243;249;66;64;17;72;66;223,0,0,0,12.378,16416.180,36.194,12.680,8192,3140,21.451,0.048,1.060,8,660,0,0,0,0,0,0,0,0,0
KB1b_DropRaw_5pct_Random,2,Prover_Failed(missing_D_at_249),drop_raw_random_pct,R1665;R2338;R8037;R4489;R6255;R3799;R1963;R3813;R5873;R3839;R189;R705;R5249;R4093;R669;R6699;R661;R6009;R8135;R7609;R1071;R627;R4453;R1469;R2241;R2847;R717;R6669;R244;R1433;R6147;R3249;R1641;R359;R3443;R597;R3111;R4363;R1313;R1570;R7319;R4071;R7525;R1082;R7294;R7505;R5275;R625;R1701;R3713;R5879;R3335;R5611;R3218;R779;R4382;R1623;R459;R3519;R715;R7427;R3607;R1031;R4687;R6750;R437;R4749;R2482;R7165;R1837;R5575;R1831;R3603;R667;R261;R1531;R445;R1871;R3543;R431;R726;R2449;R4635;R679;R8061;R37;R2621;R5313;R2165;R1177;R4718;R7233;R87;R2499;R1473;R4509;R2631;R1857;R2941;R3537;R6803;R4757;R6534;R2029;R1159;R7637;R733;R5637;R5065;R3525;R7039;R3585;R2137;R4499;R219;R3347;R3365;R7265;R2749;R830;R4901;R655;R6343;R2169;R7830;R5445;R291;R514;R1091;R4107;R3739;R1798;R3355;R4111;R699;R974;R5683;R2855;R4105;R6335;R339;R438;R2467;R369;R1756;R6801;R7853;R815;R3045;R2205;R2199;R2766;R1855;R4835;R5679;R525;R3707;R4503;R607;R2491;R2422;R4937;R3479;R7919;R7127;R3385;R719;R765;R3271;R1595;R6087;R4617;R4957;R3;R7323;R7501;R7655;R383;R1957;R3187;R5526;R4159;R1007;R777;R3577;R3303;R4545;R3651;R4986;R371;R1169;R249;R1475;R5845;R3099;R5803;R399;R2541;R1027;R3049;R1549;R5031;R1711;R729;R7733;R63;R2187;R8071;R6354;R1010;R7447;R4337;R5213;R6219;R1671;R255;R2815;R363;R1729;R5159;R4513;R1789;R2059;R155;R4057;R553;R7991;R605;R1123;R3339;R109;R2943;R481;R881;R1294;R515;R786;R485;R4591;R1401;R4659;R4219;R5861;R7761;R3449;R349;R707;R621;R4215;R3491;R4463;R3161;R5609;R1502;R217;R1063;R7109;R1395;R4861;R4755;R293;R549;R559;R1799;R453;R6421;R7069;R4287;R1443;R2447;R823;R6921;R397;R6439;R1795;R1631;R169;R42;R4167;R3399;R4297;R5279;R4237;R2613;R4099;R4385;R1223;R6529;R471;R4629;R6153;R2527;R3042;R6442;R389;R351;R3181;R6459;R3635;R213;R783;R7415;R2829;R1327;R7303;R6963;R413;R2715;R6931;R4638;R165;R1647;R1325;R274;R1097;R857;R7897;R7445;R7149;R3265;R611;R6321;R1173;R5633;R265;R4695;R819;R523;R4595;R6117;R403;R325;R1287;R5238;R246;R311;R6427;R643;R3061;R639;R5189;R3970;R2071;R7267;R125;R3871;R6128;R1213;R2407;R931;R2519;R1591;R3682;R69;R4807;R6901;R6238;R6187;R1374;R7017;R797;R539;R927;R6671;R429;R1077;R479;R303;R101;R2393;R333;R3499;R1025;R3573;R551;R3287;R51;R1029;R247;R6885;R563;R725;R1477;R2415;R6213;R1181;R3021;R555;R3306;R229;R2413;R921;R65;R1285;R345;R321;R377;R2097;R2085;R2677;R2862;R957;R1263;R2594;R157;R2273;R7339;R2331;R1431;R4003,33554432,4096,20,0,0,Epoch_Not_Checked,2fc70d6711e683fde498d7ab7b861d7f1faeb2211876663b255b6e1b78db01d3,2fc70d6711e683fde498d7ab7b861d7f1faeb2211876663b255b6e1b78db01d3,beacon:2fc70d6711e683fde498d7ab7b861d7f1faeb2211876663b255b6e1b78db01d3|sector:6491|epoch:0,197;25;144;121;249;49;247;240;132;84;219;137;243;249;66;64;17;72;66;223,0,0,0,12.378,16416.180,36.194,12.680,8192,3140,10.273,0.032,0.578,4,3340,0,0,0,0,0,0,0,0,0
KB1b_DropRaw_5pct_Random,3,Prover_Failed(missing_D_at_240),drop_raw_random_pct,R4717;R4324;R7330;R7881;R2513;R7008;R6583;R700;R240;R7901;R3130;R760;R7437;R4298;R623;R2515;R754;R7172;R7133;R7262;R7499;R1239;R5128;R7298;R140;R6875;R2349;R2829;R1812;R4356;R5582;R648;R1583;R1290;R896;R5440;R1094;R2926;R994;R40;R1216;R3080;R7930;R202;R1548;R1218;R5231;R4361;R1706;R5475;R8101;R1436;R2638;R4630;R8025;R2283;R7343;R6841;R3386;R802;R1975;R4971;R406;R5668;R7867;R2410;R6345;R6902;R2870;R922;R4500;R4140;R6164;R4292;R6853;R3683;R644;R3039;R5636;R236;R4983;R1348;R2476;R5472;R142;R3419;R438;R918;R4134;R2215;R350;R500;R2670;R1228;R7213;R6967;R3578;R6685;R1414;R6987;R7951;R6339;R546;R2273;R2594;R8074;R4047;R3694;R20;R466;R7428;R4886;R652;R1318;R564;R3769;R2314;R2308;R6227;R4652;R2194;R7605;R3179;R1171;R862;R3964;R1378;R300;R338;R7987;R2553;R1142;R3596;R444;R4316;R4790;R4396;R7020;R3675;R428;R206;R806;R2114;R88;R12;R794;R6641;R4686;R234;R5903;R6698;R56;R2767;R5359;R6871;R6184;R190;R4655;R4650;R1991;R2780;R784;R2542;R710;R7050;R7494;R4916;R2370;R4238;R78;R6721;R3170;R7398;R2555;R7703;R5857;R2351;R6375;R6728;R6923;R58;R2909;R5650;R2760;R3262;R7923;R2423;R5111;R62;R2246;R2285;R2196;R4685;R5073;R7273;R1798;R828;R5710;R1690;R366;R6249;R1579;R3101;R6963;R7247;R170;R6092;R7895;R3755;R2724;R3524;R7160;R2334;R3371;R6387;R3820;R1515;R4;R251;R3954;R6111;R7838;R5581;R2590;R3441;R3878;R1644;R830;R1574;R5796;R4937;R3926;R7438;R2994;R2332;R732;R4253;R4043;R130;R580;R451;R5954;R2800;R8146;R810;R2862;R536;R4959;R687;R7143;R2851;R4845;R3538;R1646;R1230;R588;R5642;R8085;R8014;R2158;R2;R5076;R2127;R279;R4146;R4698;R1663;R1359;R26;R566;R1100;R731;R1310;R330;R6098;R1851;R6082;R3143;R4682;R6386;R7138;R2896;R3890;R3354;R7147;R254;R5323;R1832;R4931;R1978;R5134;R772;R1642;R714;R3408;R422;R584;R70;R6626;R446;R1426;R3363;R1494;R74;R1376;R7206;R7993;R5759;R3870;R7169;R1387;R2822;R620;R7510;R52;R3809;R6454;R5803;R2852;R1055;R2094;R5739;R638;R264;R670;R4681;R908;R1993;R676;R6514;R7101;R5985;R1878;R4687;R404;R436;R1903;R1032;R919;R388;R5535;R6090;R4768;R3562;R4364;R3985;R5965;R1714;R284;R538;R6659;R4231;R1480;R1788;R7501;R5667;R3272;R1056;R7281;R5971;R1196;R7585;R1186;R5506;R168;R1278;R1204;R83;R1880;R2316;R1062;R308;R5569;R879;R2367;R8171;R7613;R4152;R698;R2640;R3342;R3207;R4201;R4735;R4089;R100;R811;R2742;R6749;R7085;R2050;R518;R6878;R226;R2470;R5230;R1641;R7531;R1932;R208;R7283;R7439;R5957;R8133;R4386;R4180;R67;R602;R3513;R3306,33554432,4096,20,0,0,Epoch_Not_Checked,2fc70d6711e683fde498d7ab7b861d7f1faeb2211876663b255b6e1b78db01d3,2fc70d6711e683fde498d7ab7b861d7f1faeb2211876663b255b6e1b78db01d3,beacon:2fc70d6711e683fde498d7ab7b861d7f1faeb2211876663b255b6e1b78db01d3|sector:6491|epoch:0,197;25;144;121;249;49;247;240;132;84;219;137;243;249;66;64;17;72;66;223,0,0,0,12.378,16416.180,36.194,12.680,8192,3140,17.189,0.028,0.795,7,1824,0,0,0,0,0,0,0,0,0
KB1b_DropRaw_5pct_Random,4,Valid,drop_raw_random_pct,R813;R373;R480;R4265;R6135;R2369;R1963;R7955;R3235;R5715;R3029;R2931;R3487;R7675;R5869;R363;R4776;R4125;R4717;R1981;R5573;R3667;R155;R3369;R5457;R6349;R4810;R1787;R1549;R3295;R1807;R6461;R5441;R6757;R517;R1653;R3373;R863;R2217;R7133;R2543;R3895;R261;R1689;R6211;R3077;R3997;R3385;R6433;R1751;R3128;R659;R1591;R181;R4123;R7533;R6356;R1277;R985;R1041;R489;R1715;R2889;R3215;R93;R6182;R7231;R1307;R3374;R4521;R6537;R7569;R4751;R7549;R571;R6799;R3495;R941;R635;R2861;R7409;R951;R2980;R849;R5501;R1336;R899;R3573;R4303;R1241;R5593;R515;R915;R193;R2229;R4361;R2639;R2373;R705;R2717;R1935;R569;R1303;R817;R405;R2261;R6967;R275;R1255;R7505;R975;R1439;R3115;R6210;R3899;R3301;R8191;R447;R7481;R7718;R3991;R3723;R1845;R1548;R701;R1893;R419;R4431;R83;R4197;R2529;R859;R3707;R3515;R191;R5673;R3363;R7227;R3601;R1849;R1299;R7645;R6889;R3941;R1301;R4860;R2141;R6625;R1721;R1929;R5569;R769;R4049;R2509;R1445;R397;R2829;R4685;R387;R967;R7275;R1504;R5147;R151;R3231;R4380;R5579;R819;R1209;R1465;R5670;R1739;R6141;R2599;R1105;R8085;R297;R2644;R901;R6113;R2679;R4437;R1035;R8083;R2061;R89;R6745;R433;R107;R3833;R337;R4045;R7579;R4283;R4786;R2873;R4799;R3533;R3797;R6547;R431;R2961;R341;R1083;R6909;R2449;R427;R5;R4295;R647;R1305;R5951;R4671;R3237;R6807;R215;R8039;R715;R2371;R2057;R6373;R1123;R1011;R4971;R3813;R811;R4595;R6833;R3910;R2814;R5386;R63;R1958;R556;R7457;R1053;R4207;R2995;R1313;R1663;R1151;R1999;R7667;R4527;R553;R6693;R8027;R2895;R3959;R2945;R7899;R2216;R5657;R2905;R1759;R601;R440;R4993;R211;R2647;R7075;R2031;R8009;R1593;R4261;R3545;R3851;R5473;R5073;R6153;R2347;R4147;R5379;R7191;R2421;R5367;R465;R1201;R837;R4606;R5935;R1711;R6767;R239;R1519;R2407;R4719;R45;R603;R55;R8097;R555;R4103;R6148;R5761;R7837;R2361;R609;R7496;R875;R4605;R6716;R1595;R1917;R3963;R8169;R2645;R964;R791;R213;R1099;R1060;R59;R1019;R471;R7007;R841;R2139;R3253;R4557;R1207;R3755;R2637;R591;R2067;R7019;R2040;R1973;R7589;R395;R5199;R100;R1497;R403;R1163;R6053;R3287;R2335;R5155;R1137;R2241;R6339;R1391;R6414;R225;R1223;R5505;R3193;R1388;R5449;R7682;R2723;R3041;R3167;R5267;R2081;R1089;R1159;R4179;R4133;R3637;R33;R1357;R185;R60;R5819;R1389;R425;R113;R4769;R1837;R1577;R7363;R873;R6329;R4886;R1167;R7611;R2278;R3971;R4773;R5665;R5415;R4495;R907;R905;R3849;R6122;R2311;R2521;R6189;R5159;R4363;R2583;R295;R2005;R6977;R1238;R4645;R3111;R4728;R335;R1733;R5970;R1891;R67;R3537;R3559;R221;R1365,33554432,4096,20,0,0,Epoch_Valid,2fc70d6711e683fde498d7ab7b861d7f1faeb2211876663b255b6e1b78db01d3,2fc70d6711e683fde498d7ab7b861d7f1faeb2211876663b255b6e1b78db01d3,beacon:2fc70d6711e683fde498d7ab7b861d7f1faeb2211876663b255b6e1b78db01d3|sector:6491|epoch:0,197;25;144;121;249;49;247;240;132;84;219;137;243;249;66;64;17;72;66;223,6700.510,646.730,159988,12.378,16416.180,36.194,12.680,8192,3140,43.233,0.087,1.914,20,3992,83.682,21896.573,1232.703,81.516,11920,15636,0.000,371.012,231944
KB1b_DropRaw_5pct_Random,5,Valid,drop_raw_random_pct,R656;R1246;R969;R2549;R1346;R1308;R541;R5736;R3634;R608;R248;R4732;R5531;R186;R4784;R160;R274;R2168;R4949;R412;R5358;R6449;R2113;R7114;R4189;R5798;R7775;R1995;R4001;R301;R284;R5945;R2484;R8059;R380;R3396;R224;R212;R3293;R2356;R1202;R3784;R5551;R3208;R6437;R840;R2997;R5556;R6231;R6982;R3042;R1382;R1760;R764;R2486;R3262;R52;R20;R264;R562;R4850;R6731;R3674;R484;R4677;R302;R4721;R542;R2216;R4404;R5440;R7454;R6965;R2750;R6431;R4829;R6498;R3398;R7787;R8064;R5637;R8077;R189;R388;R638;R1922;R1506;R6971;R6475;R4036;R5996;R6778;R48;R434;R485;R4957;R3416;R2381;R5148;R4120;R4700;R5911;R5089;R6937;R3959;R7845;R4618;R3046;R3379;R4500;R5406;R2;R858;R1718;R769;R3650;R842;R372;R4550;R7550;R10;R6613;R1656;R4662;R6109;R6835;R4532;R1098;R1621;R7701;R3746;R36;R2411;R4282;R6417;R707;R6058;R1234;R7600;R1804;R3056;R5263;R2870;R6089;R779;R1437;R988;R58;R374;R6275;R3093;R1282;R5165;R594;R4510;R7906;R5102;R24;R282;R3705;R3630;R184;R624;R5549;R1164;R6060;R6590;R1443;R596;R344;R1981;R3142;R2966;R2052;R5938;R2070;R1378;R2702;R1982;R4041;R748;R6743;R2396;R6491;R3284;R5529;R1317;R5028;R1442;R626;R3196;R6660;R272;R3301;R3425;R4340;R922;R5919;R2866;R2531;R3609;R336;R8043;R6690;R7502;R4997;R1470;R254;R7802;R328;R3538;R2858;R4645;R2404;R6389;R38;R368;R1414;R7227;R4421;R4010;R7381;R5997;R649;R4526;R2466;R5041;R892;R1993;R4818;R3037;R1472;R5909;R7435;R6378;R4332;R3125;R7519;R1862;R222;R6091;R6473;R5554;R7581;R8034;R5212;R92;R3054;R4425;R4749;R6809;R7391;R2492;R574;R2606;R1529;R4823;R472;R136;R5695;R2505;R1049;R4668;R3592;R2046;R3918;R658;R1344;R6164;R205;R2741;R5739;R1636;R2220;R1661;R530;R731;R665;R941;R76;R8134;R1469;R4462;R2491;R5056;R432;R4481;R2865;R1620;R1714;R2128;R2806;R6583;R5795;R2793;R6148;R896;R7782;R3025;R1105;R621;R7025;R6811;R3910;R6677;R705;R568;R2725;R226;R7721;R1038;R6070;R2304;R4844;R326;R616;R1606;R2583;R6152;R3162;R80;R5144;R470;R5044;R528;R2332;R4354;R1348;R1354;R5942;R3832;R2773;R6963;R5225;R612;R330;R2757;R4738;R124;R1289;R5787;R2850;R7442;R810;R152;R6302;R258;R7011;R4724;R7830;R3806;R2076;R726;R1114;R774;R2570;R7313;R2467;R3332;R5884;R4671;R4882;R225;R1347;R1077;R5800;R8190;R7790;R3482;R192;R7751;R96;R4789;R3202;R1626;R5537;R2513;R5344;R758;R6934;R41;R1274;R2862;R6585;R1746;R2507;R2330;R2828;R576;R3069;R3638;R5777;R3493;R2783;R1889;R5385;R4658;R8074;R170;R2324;R7063;R1821;R7943;R5738;R628;R7326;R1693;R2160;R5893;R7182,33554432,4096,20,0,0,Epoch_Valid,2fc70d6711e683fde498d7ab7b861d7f1faeb2211876663b255b6e1b78db01d3,2fc70d6711e683fde498d7ab7b861d7f1faeb2211876663b255b6e1b78db01d3,beacon:2fc70d6711e683fde498d7ab7b861d7f1faeb2211876663b255b6e1b78db01d3|sector:6491|epoch:0,197;25;144;121;249;49;247;240;132;84;219;137;243;249;66;64;17;72;66;223,6700.510,646.730,159988,12.378,16416.180,36.194,12.680,8192,3140,44.998,0.078,2.058,20,1660,90.800,22037.010,1252.167,88.546,11920,15564,0.000,437.533,232672
KB1c_DropRaw_10pct_Random,1,Prover_Failed(missing_D_at_247),drop_raw_random_pct,R2695;R769;R2075;R5317;R4473;R5861;R1968;R3803;R3559;R3964;R467;R3391;R6881;R405;R3852;R2573;R1506;R469;R7071;R1703;R1647;R2241;R6969;R1609;R995;R5369;R4525;R3861;R6273;R1075;R5289;R3618;R1879;R4869;R3275;R813;R7817;R6875;R212;R4041;R124;R501;R1231;R5641;R1302;R3611;R1541;R460;R3825;R2485;R5903;R4949;R7469;R3891;R587;R239;R725;R2103;R1688;R7575;R437;R1079;R641;R6336;R475;R2243;R4651;R5527;R6406;R2717;R23;R339;R7997;R6988;R3959;R1730;R503;R5693;R5205;R2201;R3211;R581;R1219;R999;R6833;R1587;R3159;R4477;R5153;R2181;R6610;R1175;R6698;R5761;R2981;R3829;R1637;R1669;R135;R117;R1004;R7949;R3647;R7171;R1509;R147;R2699;R617;R5443;R263;R4973;R4291;R935;R3371;R3192;R8161;R5015;R5377;R6049;R500;R4838;R6308;R1059;R3661;R6053;R2967;R5997;R465;R3911;R5887;R1331;R419;R6903;R3289;R2361;R2579;R4130;R6839;R643;R3451;R1245;R511;R8106;R5339;R1327;R5934;R1527;R3801;R2057;R2117;R367;R159;R844;R2919;R2183;R1935;R8097;R4143;R7208;R6765;R5041;R605;R667;R3104;R7405;R3521;R5559;R487;R665;R3905;R1589;R3997;R8175;R3174;R2937;R1505;R567;R4325;R4151;R7401;R6088;R978;R5425;R553;R967;R3779;R749;R3311;R4385;R735;R679;R1403;R2005;R481;R2061;R6171;R4883;R804;R5307;R233;R2701;R2567;R1491;R2666;R2391;R973;R2523;R7534;R537;R3292;R6187;R5683;R3575;R1675;R655;R6092;R2797;R589;R4198;R6189;R4049;R4539;R6981;R7081;R7307;R1387;R1791;R3603;R4103;R3977;R125;R2067;R7691;R1525;R4279;R87;R2185;R816;R895;R5075;R5033;R2321;R95;R407;R1983;R7917;R7187;R113;R231;R1549;R13;R335;R2115;R824;R1625;R4153;R2380;R90;R3215;R4039;R4700;R2331;R3769;R1559;R5971;R1643;R1241;R1181;R1165;R839;R2289;R1511;R8089;R3061;R4055;R3367;R2423;R1783;R2279;R7673;R5495;R6935;R3505;R4583;R5864;R4441;R2613;R247;R8037;R7167;R1013;R3385;R4199;R2589;R4439;R449;R123;R631;R3011;R1056;R2899;R3903;R7962;R6515;R2077;R1885;R133;R1895;R2317;R865;R689;R7281;R281;R3029;R436;R519;R945;R1673;R6843;R991;R5604;R6089;R7667;R1649;R4409;R1933;R829;R4813;R4827;R7105;R6966;R277;R2119;R1229;R4995;R7927;R2229;R2325;R3747;R4843;R400;R5923;R4067;R1172;R5233;R2891;R7409;R3075;R5939;R3077;R2625;R3735;R4731;R7861;R3217;R724;R1562;R221;R3051;R2175;R2213;R435;R2445;R2113;R409;R6997;R2212;R3178;R3569;R4122;R425;R5789;R4601;R2141;R835;R4469;R6725;R6687;R843;R6730;R8127;R3877;R939;R2453;R3682;R2371;R4794;R167;R6155;R6333;R6767;R4219;R1317;R6143;R2551;R1941;R704;R5743;R1432;R6271;R6975;R2318;R3841;R3085;R253;R4551;R549;R5749;R3213;R785;R1428;R2063;R6789;R6076;R6681;R7608;R4765;R2775;R5706;R4483;R773;R1657;R6038;R899;R808;R6269;R4303;R3763;R1977;R7095;R309;R3519;R4919;R404;R4174;R642;R3681;R1135;R1179;R5775;R6065;R4863;R4589;R7257;R779;R1273;R1433;R7937;R6712;R1293;R2479;R3033;R5473;R2155;R557;R1333;R644;R1141;R243;R3095;R127;R2829;R6339;R297;R583;R579;R1653;R8015;R5477;R319;R937;R5218;R2116;R349;R7865;R6679;R4464;R925;R5137;R8053;R2353;R521;R3731;R3873;R3059;R4107;R1832;R505;R3679;R5362;R3255;R4858;R69;R2835;R5671;R2740;R3081;R7434;R5949;R1636;R4035;R5666;R5537;R5684;R3675;R1544;R1131;R921;R7660;R745;R4713;R1715;R7223;R3103;R5751;R207;R7431;R3277;R985;R1925;R1063;R6974;R196;R5924;R1369;R8062;R811;R2653;R5835;R7157;R1569;R431;R5515;R3477;R2863;R1371;R2520;R6567;R141;R6764;R615;R83;R6379;R5685;R2563;R7231;R6169;R2731;R227;R6289;R4923;R803;R7697;R1693;R737;R2153;R269;R107;R361;R1717;R365;R4957;R1261;R3295;R5491;R4397;R7193;R1161;R1224;R653;R4981;R8091;R1311;R4614;R5674;R105;R923;R119;R1077;R183;R4083;R341;R2679;R3772;R4890;R172;R1243;R3203;R1485;R6627;R1159;R1617;R4129;R717;R1629;R4091;R1256;R2029;R3191;R6905;R753;R3179;R6073;R6233;R801;R7123;R278;R1223;R5052;R7885;R225;R5669;R3396;R1585;R4061;R3695;R2147;R3047;R2963;R91;R1875;R2675;R443;R4617;R1205;R1769;R575;R3497;R7727;R5177;R273;R6071;R4515;R7475;R1233;R668;R1889;R4568;R1579;R1827;R4217;R3819;R5308;R2109;R1753;R889;R3333;R1007;R2493;R3860;R595;R4675;R1840;R1739;R5313;R7154;R4233;R88;R3482;R4825;R1905;R229;R7122;R2927;R3947;R7392;R5886;R7356;R6255;R5519;R5147;R7297;R2847;R2777;R2060;R4343;R3127;R4761;R6524;R41;R4;R6050;R360;R418;R3945;R1266;R1513;R6629;R5292;R4850;R3116;R4133;R337;R433;R2128;R328;R52;R3883;R7065;R4859;R7261;R6611;R3625;R6845;R5373;R1393;R115;R4335;R43;R2002;R4159;R4338;R5847;R3993;R1915;R4519;R139;R783;R3149;R840;R3083;R1591;R2327;R591;R517;R4721;R2259;R251;R3880;R7618;R2189;R5729;R2831;R5079;R861;R4571;R6184;R3629;R2114;R6303;R8043;R1253;R1137;R5201;R4935;R369;R165;R2811;R3021;R2149;R1611;R169;R2853;R2314;R3094;R2849;R5143;R5489;R5507;R909;R7453;R2033;R6820;R353;R649;R7339;R867;R1837;R6450;R5797;R1157;R3811;R4223;R2975;R379;R623;R3135;R4867;R1359;R2003;R3073;R6231;R2209;R3418;R6831;R1659;R2991;R8026;R7287;R3332;R2049;R555;R8157;R7314;R232;R3177;R1037;R7925;R176;R7331;R3639;R7639;R7549;R383;R693;R4915;R11;R1819;R1533;R5058;R673;R4909;R3285;R2311;R7695;R3587;R1312;R1349;R1481,33554432,4096,20,0,0,Epoch_Not_Checked,2fc70d6711e683fde498d7ab7b861d7f1faeb2211876663b255b6e1b78db01d3,2fc70d6711e683fde498d7ab7b861d7f1faeb2211876663b255b6e1b78db01d3,beacon:2fc70d6711e683fde498d7ab7b861d7f1faeb2211876663b255b6e1b78db01d3|sector:6491|epoch:0,197;25;144;121;249;49;247;240;132;84;219;137;243;249;66;64;17;72;66;223,0,0,0,12.378,16416.180,36.194,12.680,8192,3140,14.133,0.022,0.740,6,2496,0,0,0,0,0,0,0,0,0
KB1c_DropRaw_10pct_Random,2,Prover_Failed(missing_D_at_144),drop_raw_random_pct,R902;R341;R950;R280;R7769;R18;R6613;R3364;R5660;R7059;R2714;R6266;R748;R262;R366;R3736;R1204;R2024;R6356;R7870;R463;R7779;R325;R1388;R1197;R690;R354;R2166;R976;R1364;R3815;R2674;R223;R52;R626;R2758;R716;R3028;R3145;R3594;R6163;R105;R4122;R5567;R538;R144;R7305;R1336;R1405;R2762;R3397;R6299;R7159;R7822;R1465;R734;R1338;R1829;R618;R166;R4577;R5444;R4451;R5431;R678;R552;R4641;R2378;R752;R6251;R708;R7621;R730;R7155;R520;R1300;R576;R2618;R5216;R4338;R5617;R2564;R7125;R562;R1121;R1194;R4572;R8021;R1462;R8175;R6593;R5068;R3434;R2314;R3415;R4478;R5441;R175;R7015;R4649;R306;R3741;R2828;R3567;R6370;R2164;R1002;R7379;R7787;R3338;R2836;R5982;R1486;R1684;R7658;R7049;R6478;R3014;R1290;R2532;R2681;R1489;R6020;R992;R4276;R3802;R2972;R802;R1250;R2488;R612;R2122;R7189;R5675;R4181;R7897;R4166;R7959;R22;R244;R2830;R12;R6677;R5974;R3148;R5233;R7057;R4012;R732;R4060;R1057;R2083;R7481;R4532;R676;R7079;R3314;R4636;R1582;R5624;R629;R445;R582;R4793;R733;R218;R1902;R2350;R8167;R3274;R284;R5629;R7829;R4280;R7097;R2353;R3020;R6361;R2405;R7017;R370;R181;R942;R1249;R792;R2562;R5614;R3223;R7333;R3726;R7853;R1828;R7745;R2118;R447;R100;R5583;R2935;R3615;R2317;R196;R6184;R2004;R5676;R1601;R118;R152;R2273;R5118;R4535;R4320;R344;R2413;R3857;R7347;R1626;R3896;R526;R6248;R2198;R1720;R121;R4471;R6432;R7619;R6739;R4817;R904;R5416;R543;R3303;R1076;R7849;R8143;R1981;R1373;R5113;R399;R7742;R948;R1831;R1390;R428;R3522;R924;R1256;R5065;R132;R6621;R2026;R2952;R1556;R6045;R1580;R7334;R3054;R5455;R1219;R1144;R3657;R1973;R2121;R6483;R7330;R7248;R1625;R3233;R1590;R7678;R688;R6774;R5717;R1289;R870;R3793;R1670;R7041;R7875;R446;R1174;R6958;R722;R2137;R826;R5506;R2072;R4513;R1540;R3608;R2437;R4716;R8118;R8106;R1442;R5996;R5609;R3569;R1602;R2913;R1050;R777;R1312;R5236;R7906;R4730;R798;R5673;R266;R4458;R754;R5713;R278;R849;R2516;R6542;R7013;R7819;R586;R5476;R800;R3380;R4277;R570;R2391;R4489;R4017;R2161;R3783;R4117;R4499;R4523;R382;R5816;R7813;R409;R597;R1042;R264;R698;R5329;R213;R2653;R462;R2753;R6215;R7634;R7461;R440;R6686;R700;R712;R1524;R1058;R590;R240;R4734;R784;R5347;R5387;R6435;R922;R4410;R1306;R2113;R8182;R1156;R5301;R6327;R1628;R4742;R394;R2606;R432;R4994;R8181;R3493;R7350;R6893;R2647;R1622;R5601;R2290;R98;R1929;R2759;R456;R522;R3765;R6378;R396;R7860;R2699;R6583;R7344;R4935;R999;R4270;R6471;R2596;R5322;R5406;R2050;R745;R660;R7798;R6926;R7785;R1281;R2124;R6799;R7843;R1004;R3276;R5991;R1868;R238;R327;R3269;R7790;R2265;R3835;R516;R4922;R7108;R209;R5587;R6010;R836;R1630;R3622;R2521;R7190;R6904;R566;R4373;R1296;R3885;R2138;R5796;R3554;R4625;R1560;R2920;R2322;R4528;R2461;R1370;R1758;R5082;R464;R1354;R804;R6409;R276;R5453;R158;R7951;R7921;R202;R1822;R298;R3626;R5743;R6002;R686;R608;R1742;R7673;R3398;R996;R1821;R1708;R4182;R6497;R1669;R1018;R6191;R6620;R1509;R638;R1352;R7169;R7732;R1454;R1578;R220;R1176;R5803;R7007;R1054;R7290;R217;R2669;R1118;R6523;R4289;R4710;R966;R846;R4622;R3221;R5292;R5815;R985;R7249;R6690;R2942;R5467;R1738;R780;R56;R2175;R506;R4490;R610;R2013;R2962;R192;R1022;R1056;R1394;R7904;R6117;R7817;R2546;R6164;R4961;R2770;R7474;R380;R3060;R6563;R41;R470;R3788;R4344;R122;R7945;R4441;R372;R905;R654;R6208;R5193;R7888;R4573;R1698;R1774;R5689;R256;R3241;R4876;R5192;R5541;R3673;R7090;R5926;R3174;R1030;R2372;R3058;R6924;R494;R2160;R3254;R4609;R2293;R5981;R889;R4223;R2398;R2196;R3601;R7286;R1776;R3930;R1359;R3712;R6820;R962;R1311;R3625;R1233;R230;R392;R6451;R714;R2608;R7371;R5398;R2017;R1438;R1072;R646;R1944;R5640;R8111;R8135;R2988;R1566;R2228;R5873;R3878;R1522;R4990;R4882;R6346;R2947;R5879;R1470;R7799;R5330;R356;R652;R7150;R4477;R317;R293;R4313;R70;R8161;R2814;R872;R6;R2533;R4409;R5882;R2573;R982;R6800;R1508;R6652;R2239;R438;R1468;R8093;R4358;R3458;R4212;R8076;R1725;R6061;R534;R1918;R868;R2014;R8047;R1732;R556;R7335;R5661;R756;R2346;R1482;R340;R3440;R7722;R6747;R594;R406;R770;R1705;R5186;R3034;R7319;R668;R5786;R7410;R6930;R830;R1510;R5185;R4585;R3961;R5244;R1116;R4469;R1802;R2287;R1261;R4488;R2494;R2706;R4506;R6073;R6295;R5519;R1586;R150;R2638;R7681;R3277;R4437;R3158;R5034;R1226;R4286;R990;R5812;R680;R806;R2943;R5409;R4551;R2158;R4414;R7719;R832;R1538;R1567;R224;R1016;R5162;R448;R2798;R5823;R330;R7639;R6705;R3610;R1764;R2426;R4346;R3750;R3955;R2511;R3369;R361;R292;R1396;R1783;R1658;R5439;R986;R4204;R7526;R7278;R3281;R106;R1148;R2881;R4709;R7871;R3319;R3048;R5949;R648;R6494;R3498;R3022;R3909;R4694;R6839;R4095;R1173;R2648;R6761;R429;R6124;R5959;R5313;R2296;R5375;R4438;R4058;R4010;R1584;R7009;R5438;R3234;R525;R4031;R50;R1474;R6898;R5843;R3893;R1052;R7231;R2874;R5117;R7702;R6278;R6654;R4837;R4997;R1168;R888;R8088;R2170;R7153;R6842;R6377;R2266;R3406;R7961;R5938;R4337;R952;R876;R7469;R176;R62;R4985;R376;R4596;R1324;R290;R1718;R1150;R6466;R1928;R5208;R5346;R6357;R5662;R3420;R584;R6293,33554432,4096,20,0,0,Epoch_Not_Checked,2fc70d6711e683fde498d7ab7b861d7f1faeb2211876663b255b6e1b78db01d3,2fc70d6711e683fde498d7ab7b861d7f1faeb2211876663b255b6e1b78db01d3,beacon:2fc70d6711e683fde498d7ab7b861d7f1faeb2211876663b255b6e1b78db01d3|sector:6491|epoch:0,197;25;144;121;249;49;247;240;132;84;219;137;243;249;66;64;17;72;66;223,0,0,0,12.378,16416.180,36.194,12.680,8192,3140,4.551,0.008,0.214,2,32,0,0,0,0,0,0,0,0,0
KB1c_DropRaw_10pct_Random,3,Prover_Failed(missing_D_at_25),drop_raw_random_pct,R3705;R3285;R151;R8154;R3571;R5542;R1931;R887;R395;R927;R3865;R2404;R1898;R1629;R4865;R8027;R3939;R7801;R4901;R557;R6841;R3662;R3261;R515;R3419;R5292;R129;R6033;R2162;R5203;R4025;R974;R5165;R913;R502;R7451;R4927;R591;R1322;R2799;R4459;R823;R5061;R3235;R1838;R1003;R475;R1473;R5837;R1401;R5883;R1677;R4482;R3633;R2844;R7772;R7991;R4939;R3883;R2223;R5383;R187;R1737;R7533;R799;R1061;R6571;R1569;R2315;R3606;R1854;R7077;R1066;R5826;R3097;R5021;R6937;R5727;R7357;R77;R1249;R3275;R4935;R1097;R6029;R3303;R3217;R7249;R861;R6911;R4074;R4403;R7374;R6493;R4929;R1595;R7683;R3298;R787;R3734;R7437;R138;R2925;R1269;R7490;R1763;R3562;R2074;R7045;R1254;R7845;R5625;R2599;R393;R1222;R1893;R3169;R1707;R5471;R4625;R4701;R1068;R2817;R3749;R7321;R875;R1226;R3799;R1103;R3667;R6957;R5619;R4758;R1685;R1023;R1959;R461;R6565;R667;R3739;R517;R4178;R453;R4457;R3579;R4255;R6483;R5677;R3087;R3729;R1599;R2609;R2652;R2557;R7355;R821;R931;R3823;R2562;R3897;R3561;R863;R5941;R2983;R6169;R3290;R3727;R6569;R1125;R1651;R2021;R2301;R7997;R5338;R2483;R1162;R5673;R3521;R7253;R1095;R2573;R5265;R3811;R4242;R1502;R4947;R2129;R1951;R1235;R155;R337;R4259;R1137;R2845;R1350;R431;R314;R1751;R4946;R2955;R1459;R25;R1122;R5461;R899;R2450;R331;R1063;R5970;R3;R2884;R6023;R970;R5127;R2457;R23;R4130;R859;R3090;R7315;R2327;R6274;R7201;R2366;R583;R1446;R2625;R6793;R1311;R4383;R5426;R579;R5161;R725;R2809;R241;R1773;R1675;R854;R6331;R5579;R7167;R694;R4329;R4225;R2531;R4924;R6705;R757;R7007;R2042;R3581;R6689;R772;R6149;R4803;R873;R3371;R2587;R1389;R4359;R721;R7033;R1537;R4730;R1177;R1538;R3382;R2006;R293;R7605;R449;R907;R3103;R4813;R175;R269;R3361;R4079;R2829;R2308;R596;R2458;R4999;R1811;R1327;R2623;R2163;R1660;R7301;R4743;R3313;R3683;R4739;R1885;R317;R595;R21;R3043;R955;R4305;R2915;R1021;R2227;R2410;R4159;R2545;R1353;R2465;R3837;R1169;R451;R615;R1309;R379;R41;R1109;R5909;R6913;R6237;R1355;R521;R5162;R4195;R19;R3969;R4227;R323;R669;R242;R5554;R4853;R7277;R1517;R2011;R1679;R1823;R5069;R1159;R7259;R997;R3711;R6547;R7039;R3394;R7926;R2547;R5197;R3405;R61;R853;R1777;R3699;R4293;R3091;R1529;R6861;R203;R1403;R3615;R247;R443;R67;R2165;R653;R2339;R1917;R4593;R3075;R7583;R5163;R6077;R2887;R7199;R231;R3283;R815;R5323;R6685;R3957;R4943;R2379;R2675;R2331;R71;R2695;R1067;R1178;R4863;R3470;R4873;R1711;R575;R301;R4337;R1206;R1303;R6213;R6919;R5987;R4281;R497;R5030;R4561;R2017;R3341;R2103;R6225;R206;R397;R3801;R627;R2871;R5550;R761;R4611;R1843;R1127;R665;R1927;R2226;R2530;R4420;R11;R5834;R6598;R178;R617;R995;R985;R2137;R2978;R1835;R401;R5031;R1202;R5373;R1183;R3857;R5955;R291;R351;R7335;R3119;R871;R4795;R7378;R5979;R4769;R298;R8161;R1;R3659;R5001;R2621;R6355;R2183;R1935;R5865;R3347;R1229;R2012;R5359;R730;R2683;R2543;R3650;R5589;R563;R6915;R5501;R6845;R3487;R5575;R2407;R2299;R2337;R4670;R2775;R81;R3353;R6522;R6625;R1166;R2215;R493;R1131;R1873;R4073;R2473;R582;R1741;R689;R7645;R2313;R5311;R6353;R4689;R7294;R2181;R6991;R1295;R163;R8017;R901;R369;R3357;R3227;R551;R795;R3709;R7990;R3337;R2335;R2727;R2539;R605;R1402;R1259;R1145;R2910;R489;R3287;R6491;R4031;R7503;R307;R1977;R403;R915;R1043;R877;R7617;R8070;R2043;R3057;R7057;R4821;R5235;R2571;R363;R561;R1721;R881;R270;R2469;R3226;R3121;R425;R6897;R5247;R2051;R201;R811;R79;R1757;R7669;R4361;R3943;R4433;R5115;R687;R1639;R5859;R743;R2098;R891;R4001;R1697;R549;R7133;R3125;R7189;R865;R511;R1573;R454;R3531;R385;R441;R1597;R3023;R8090;R5230;R959;R659;R5982;R5893;R1315;R6179;R819;R5227;R8189;R455;R3697;R791;R701;R387;R2881;R695;R8165;R2355;R8157;R4547;R205;R5291;R6691;R1701;R51;R2039;R2810;R3161;R233;R4347;R1759;R3529;R1475;R2287;R103;R2045;R3065;R4243;R522;R6951;R4971;R2743;R843;R1523;R5581;R5347;R7901;R399;R3270;R989;R3373;R191;R5953;R2145;R7473;R3533;R3237;R1746;R641;R195;R5003;R420;R1078;R1051;R1731;R3389;R7023;R469;R179;R5815;R731;R3005;R658;R4087;R7521;R3651;R2783;R491;R747;R6503;R6555;R1989;R1213;R4123;R1497;R2753;R765;R3175;R4741;R943;R1753;R3262;R115;R5913;R2785;R3647;R4602;R2879;R3151;R5961;R1287;R3446;R4495;R1217;R1321;R7747;R1207;R5981;R1167;R1413;R542;R7165;R89;R3607;R5995;R4836;R739;R4993;R6395;R1643;R3839;R1667;R2199;R4043;R335;R5141;R4299;R6690;R753;R3379;R6599;R1911;R2295;R2725;R1997;R4499;R8053;R495;R6955;R3931;R357;R5254;R1449;R7062;R2989;R3395;R7633;R2290;R157;R2703;R3747;R3179;R3471;R6970;R106;R6495;R1047;R1279;R6375;R3899;R4165;R1554;R2666;R3039;R1157;R365;R5237;R4422;R7329;R1079;R3502;R6519;R1827;R2603;R638;R182;R3993;R7022;R7211;R1633;R147;R639;R2063;R6939;R1009;R637;R1611;R6203;R4493;R6799;R3391;R7599;R3187;R5631;R7979;R509;R538;R5398;R5074;R3052;R223;R4401;R3909;R4719;R6953;R3813;R281;R867;R643;R7803;R3385;R5754;R1013;R921;R8041;R2897;R5437;R1239;R5445;R949;R1719;R6989;R5199;R5086;R1335;R7407;R3717;R413;R7423;R3423;R2425;R6047;R5725;R5949;R1317,33554432,4096,20,0,0,Epoch_Not_Checked,2fc70d6711e683fde498d7ab7b861d7f1faeb2211876663b255b6e1b78db01d3,2fc70d6711e683fde498d7ab7b861d7f1faeb2211876663b255b6e1b78db01d3,beacon:2fc70d6711e683fde498d7ab7b861d7f1faeb2211876663b255b6e1b78db01d3|sector:6491|epoch:0,197;25;144;121;249;49;247;240;132;84;219;137;243;249;66;64;17;72;66;223,0,0,0,12.378,16416.180,36.194,12.680,8192,3140,2.354,0.005,0.117,1,56,0,0,0,0,0,0,0,0,0
KB1c_DropRaw_10pct_Random,4,Prover_Failed(missing_D_at_144),drop_raw_random_pct,R3792;R6775;R8157;R7423;R76;R1122;R1116;R316;R4697;R2675;R388;R528;R6053;R2196;R150;R5991;R5248;R7863;R2624;R3057;R3440;R7301;R2971;R7926;R8061;R486;R4333;R3935;R330;R4338;R4791;R4138;R3446;R6004;R4423;R1199;R1348;R318;R1950;R1810;R4411;R920;R6747;R2608;R1846;R3351;R7672;R866;R506;R2630;R1460;R2648;R416;R394;R6695;R5818;R1014;R2254;R356;R2363;R1416;R5645;R708;R7897;R2411;R129;R6010;R518;R208;R1343;R7963;R2228;R2560;R5241;R26;R4961;R1761;R1083;R531;R2737;R6333;R5690;R3318;R835;R4698;R2722;R1136;R1495;R5783;R1690;R5404;R7153;R1596;R1427;R5777;R1402;R788;R1148;R5628;R3156;R8183;R7255;R6206;R158;R1414;R5340;R6907;R6639;R5455;R1726;R15;R1298;R2590;R3998;R5352;R1622;R7974;R1040;R4676;R550;R4283;R176;R1668;R626;R1821;R4237;R838;R556;R6554;R4904;R903;R3915;R114;R3462;R2295;R4678;R3497;R5930;R986;R1676;R1126;R3750;R4110;R1062;R6759;R448;R3903;R2130;R4887;R4322;R384;R4821;R1104;R546;R1106;R6210;R1764;R842;R884;R131;R1927;R1099;R3737;R679;R3419;R472;R758;R560;R6813;R2786;R2422;R6539;R2876;R3888;R466;R6454;R1046;R64;R1164;R5734;R3563;R5091;R1724;R7814;R6943;R5435;R5971;R5237;R1912;R2728;R4499;R34;R244;R419;R5684;R3471;R808;R235;R7582;R2572;R4597;R1456;R672;R5225;R7901;R3853;R8055;R6086;R7133;R6477;R1538;R1482;R4087;R6613;R4387;R7131;R367;R7081;R782;R3134;R5222;R6930;R6065;R7019;R4462;R6863;R286;R3214;R3218;R1178;R2178;R6441;R5668;R4048;R1410;R1258;R620;R1180;R4123;R4180;R5671;R7350;R514;R438;R6958;R4122;R2484;R1075;R6666;R1750;R3695;R2200;R4908;R1673;R2954;R78;R4463;R7751;R2635;R431;R880;R7558;R2436;R4817;R742;R6634;R1806;R455;R4146;R7099;R3587;R219;R280;R4877;R3851;R4318;R5046;R7247;R3567;R806;R1970;R2753;R2956;R6427;R8093;R2098;R3668;R4330;R5292;R4798;R2379;R7994;R4287;R3988;R1018;R2983;R2442;R1319;R4223;R6591;R5498;R490;R456;R2307;R3076;R135;R202;R7705;R7662;R3759;R3243;R2010;R3375;R3224;R2266;R5937;R3418;R1496;R4886;R1240;R784;R7169;R4859;R628;R4670;R4823;R314;R4953;R7948;R8024;R2116;R2226;R1442;R1228;R3770;R5102;R3859;R4314;R6817;R2324;R7046;R6314;R6349;R6741;R304;R400;R6607;R4175;R1638;R1628;R1634;R2339;R6315;R2498;R1424;R5447;R4897;R1532;R3168;R2817;R428;R4406;R690;R3110;R3202;R1652;R2142;R2961;R4451;R3664;R7078;R1105;R4473;R3331;R6478;R3154;R234;R1390;R1134;R2082;R2972;R7329;R4750;R5083;R674;R7375;R170;R344;R3274;R5387;R5612;R2678;R5245;R1675;R8134;R1802;R4967;R4983;R1901;R5952;R704;R3766;R2943;R7931;R436;R8103;R2867;R2768;R7002;R488;R4718;R3847;R4511;R1043;R82;R134;R886;R6908;R502;R5870;R6799;R5629;R2540;R4790;R5017;R2156;R4;R990;R5824;R598;R3311;R4613;R654;R4022;R668;R558;R579;R7899;R7726;R4235;R2601;R3590;R5594;R1554;R16;R6783;R7;R3021;R3420;R4185;R7011;R564;R7463;R984;R740;R307;R3466;R4231;R1094;R2004;R303;R7499;R1684;R7209;R4080;R6189;R6595;R2522;R3887;R2083;R4906;R604;R5107;R2175;R6165;R5494;R898;R7890;R956;R875;R544;R1165;R8071;R6203;R4638;R883;R1438;R5236;R5685;R6760;R3467;R2296;R2946;R3190;R2944;R1398;R6621;R764;R480;R3571;R1784;R1562;R1682;R5643;R602;R496;R2322;R319;R4416;R7069;R3132;R340;R2425;R1512;R4474;R1536;R7710;R3595;R278;R8173;R803;R4802;R88;R5489;R2559;R302;R8119;R410;R7430;R1627;R1183;R5879;R775;R7410;R476;R2103;R1244;R1880;R296;R250;R931;R5642;R6002;R6111;R2919;R2651;R2446;R3278;R1350;R4985;R2494;R751;R5243;R3591;R5007;R6406;R666;R1500;R658;R6055;R7942;R7851;R980;R786;R682;R5525;R3424;R5644;R812;R7333;R6011;R2283;R1688;R2775;R1674;R3958;R3868;R4602;R863;R6716;R3012;R282;R922;R7422;R6391;R776;R2751;R4400;R4244;R424;R7959;R172;R1568;R868;R2870;R3895;R5321;R3840;R292;R1542;R2839;R551;R1830;R5297;R338;R3743;R5463;R6318;R2578;R5884;R3259;R464;R4738;R3335;R5420;R4724;R4233;R4226;R188;R248;R1604;R12;R636;R736;R850;R7740;R4771;R7735;R2686;R3260;R1790;R2023;R2776;R7479;R2137;R200;R524;R6954;R1896;R4075;R5053;R44;R5592;R7804;R5057;R252;R7315;R1516;R2701;R5816;R4572;R4109;R6551;R3879;R4507;R284;R311;R1047;R118;R1795;R7348;R744;R491;R4303;R2611;R3755;R2299;R46;R3266;R6147;R5723;R4383;R2448;R5094;R152;R3834;R8085;R552;R1826;R3133;R3267;R5005;R2118;R5681;R2732;R3080;R2152;R4873;R4603;R588;R6358;R2746;R238;R526;R7925;R7596;R7212;R5965;R7964;R6179;R7495;R1665;R375;R156;R874;R6027;R226;R562;R4710;R3842;R601;R3178;R474;R656;R6032;R459;R7595;R4793;R7386;R6599;R554;R4606;R7794;R4482;R6242;R7791;R6265;R4978;R648;R6754;R732;R4299;R6127;R6712;R6177;R3503;R976;R3347;R199;R660;R5202;R906;R542;R7330;R260;R408;R6113;R643;R2615;R2313;R144;R1140;R807;R6135;R5585;R204;R1210;R6966;R5402;R184;R2530;R2451;R3063;R212;R4148;R2823;R1207;R391;R38;R52;R33;R692;R2134;R4777;R5586;R5511;R7094;R4515;R1556;R1226;R4789;R1204;R4471;R4350;R2482;R8054;R1072;R7721;R5158;R7311;R3528;R2715;R1758;R768;R3059;R5986;R104;R312;R6015;R752;R1658;R934;R832;R334;R7630;R6560;R1452;R3019;R6178;R7021;R712;R4826;R7450;R1574;R3257;R2434;R1851;R5857;R4460,33554432,4096,20,0,0,Epoch_Not_Checked,2fc70d6711e683fde498d7ab7b861d7f1faeb2211876663b255b6e1b78db01d3,2fc70d6711e683fde498d7ab7b861d7f1faeb2211876663b255b6e1b78db01d3,beacon:2fc70d6711e683fde498d7ab7b861d7f1faeb2211876663b255b6e1b78db01d3|sector:6491|epoch:0,197;25;144;121;249;49;247;240;132;84;219;137;243;249;66;64;17;72;66;223,0,0,0,12.378,16416.180,36.194,12.680,8192,3140,4.446,0.008,0.204,2,44,0,0,0,0,0,0,0,0,0
KB1c_DropRaw_10pct_Random,5,Prover_Failed(missing_D_at_249),drop_raw_random_pct,R1862;R7250;R5763;R599;R2928;R7141;R5624;R2959;R7531;R1259;R3192;R5797;R397;R1479;R7722;R2732;R6903;R7805;R727;R7859;R2924;R2430;R293;R3809;R5605;R803;R771;R7827;R501;R109;R3219;R2817;R4815;R491;R911;R1983;R7065;R7365;R893;R7983;R3318;R6133;R4005;R2061;R3132;R7269;R1379;R3143;R563;R1953;R6086;R119;R6381;R6910;R5369;R5973;R7085;R4459;R4129;R5950;R717;R6473;R4212;R7921;R3401;R233;R5665;R55;R3247;R1827;R415;R5397;R1631;R6691;R4315;R1237;R3583;R6759;R3145;R7831;R607;R5839;R3425;R2606;R2923;R2515;R1063;R5712;R2689;R6190;R6617;R6803;R2121;R5173;R4867;R7432;R267;R5891;R1824;R843;R3258;R5875;R6659;R4235;R4239;R6795;R6071;R423;R201;R7266;R6801;R3055;R1123;R3939;R2183;R6055;R3373;R4897;R303;R5726;R4811;R5555;R355;R75;R459;R7977;R3895;R521;R33;R4977;R689;R2763;R5573;R3339;R356;R1219;R6259;R73;R541;R143;R2895;R6613;R281;R2381;R4711;R2425;R4654;R5488;R6469;R5622;R6971;R1961;R3761;R376;R584;R3593;R3469;R7711;R1016;R3107;R767;R1157;R3521;R4187;R997;R1369;R2875;R4888;R5505;R3795;R2087;R2171;R3413;R8026;R4136;R871;R957;R2033;R1263;R1433;R6727;R927;R317;R171;R6922;R8076;R243;R8109;R3160;R632;R3963;R1911;R3068;R165;R4587;R4147;R3657;R4445;R79;R6499;R6211;R1923;R5267;R4373;R721;R204;R1268;R627;R5757;R1939;R5011;R2491;R199;R2775;R2521;R701;R1934;R832;R5901;R1489;R6255;R551;R7271;R968;R7183;R2773;R1326;R3179;R6509;R2297;R3845;R2811;R685;R6521;R1915;R785;R6249;R4941;R2317;R4065;R5091;R3625;R1781;R1005;R3312;R3901;R169;R2493;R515;R41;R2177;R161;R1271;R5017;R373;R1059;R2419;R3315;R5192;R104;R5035;R6471;R544;R64;R1821;R6275;R5465;R791;R1337;R589;R133;R5249;R3539;R1391;R2571;R7391;R3223;R295;R949;R4577;R4291;R1999;R5919;R7205;R705;R3265;R2795;R3711;R4846;R673;R2159;R35;R3193;R6545;R4649;R6282;R1625;R1001;R7523;R5427;R4997;R2949;R135;R2083;R369;R8149;R1945;R2835;R5691;R1661;R8133;R3785;R821;R5047;R2783;R3461;R2977;R1891;R4497;R1269;R3501;R7043;R6671;R5469;R3485;R4999;R595;R4035;R5589;R1054;R1558;R2793;R1167;R3495;R1575;R4007;R899;R6913;R3577;R1857;R5981;R7329;R7461;R1048;R5823;R549;R3993;R371;R1087;R247;R477;R2203;R4965;R4891;R309;R2849;R3030;R5318;R6953;R4555;R795;R555;R4377;R619;R1132;R637;R7942;R5653;R6305;R3863;R132;R1913;R219;R364;R7174;R6219;R1429;R3467;R5905;R416;R512;R7280;R1664;R1731;R5997;R4671;R149;R141;R1887;R7691;R451;R3327;R1771;R1940;R847;R2687;R3475;R8191;R976;R833;R921;R784;R6303;R321;R8065;R6102;R7893;R4245;R2768;R1365;R2597;R8131;R1719;R4917;R2013;R7865;R1669;R3545;R3859;R71;R5385;R5068;R6207;R67;R3587;R7667;R4495;R6391;R659;R5951;R2676;R3102;R3201;R7098;R131;R865;R737;R3260;R1163;R3049;R291;R2723;R2881;R7518;R5387;R1467;R3129;R43;R761;R6449;R4819;R2243;R3771;R307;R543;R6963;R1081;R769;R2427;R2283;R7218;R5581;R6981;R665;R439;R3465;R53;R1077;R4286;R377;R365;R1977;R2039;R639;R7405;R7755;R1791;R3582;R195;R999;R3947;R4487;R6693;R17;R205;R5023;R2972;R4959;R1065;R1875;R3057;R4055;R1373;R961;R1837;R1215;R995;R443;R5365;R3443;R859;R2955;R2277;R901;R7339;R725;R1478;R4323;R1757;R1131;R5937;R3903;R5177;R2887;R7647;R431;R5693;R1245;R1207;R6373;R6689;R1551;R3277;R8171;R49;R1329;R8069;R755;R3633;R3846;R4213;R4950;R2023;R241;R4443;R4457;R1725;R7969;R1689;R4735;R1057;R1181;R3799;R7225;R6939;R537;R827;R1017;R1599;R963;R7353;R5484;R4689;R2643;R4907;R1861;R6295;R3519;R4003;R7995;R1485;R1232;R1255;R993;R920;R1461;R1501;R6895;R3857;R5485;R2671;R1201;R5107;R48;R465;R2412;R4446;R5858;R1867;R319;R1011;R1289;R3847;R245;R2533;R867;R6657;R3295;R2563;R467;R3169;R3319;R711;R4090;R6101;R3471;R324;R4229;R879;R5284;R634;R6904;R2921;R4195;R2151;R405;R328;R2824;R740;R2827;R3878;R693;R4592;R1117;R7543;R6113;R1419;R8159;R863;R2529;R3363;R1657;R2549;R5455;R5553;R979;R168;R1765;R6345;R3047;R7879;R1614;R57;R489;R4807;R7662;R413;R7181;R1473;R1918;R572;R151;R1089;R313;R2461;R479;R7782;R2713;R221;R7517;R7233;R819;R3659;R3687;R2823;R1428;R966;R5887;R4678;R1071;R4511;R523;R1004;R6033;R3477;R6975;R3816;R2325;R2405;R1933;R3175;R7057;R1101;R3541;R4111;R2622;R835;R7643;R1965;R7340;R7347;R3729;R811;R733;R3999;R6065;R99;R3837;R661;R2233;R969;R97;R1455;R3162;R5331;R283;R1683;R3235;R5599;R1908;R2065;R6984;R903;R474;R645;R1852;R7171;R6369;R519;R1600;R6701;R5547;R3985;R683;R1603;R4985;R4939;R7384;R1225;R249;R6651;R975;R1679;R1789;R6664;R6549;R425;R1321;R6987;R384;R5583;R2388;R2129;R2420;R227;R5277;R5539;R1991;R3831;R7719;R535;R2453;R7573;R7899;R157;R1395;R333;R1647;R2011;R23;R3897;R6319;R5492;R2767;R449;R1085;R5931;R6597;R93;R1740;R7323;R6653;R181;R1463;R1475;R7229;R1665;R2253;R2725;R2193;R257;R2217;R5723;R2247;R4887;R5935;R4721;R259;R265;R947;R3149;R6333;R5309;R6434;R7845;R2255;R4691;R1846;R8061;R2119;R7789;R2675;R4971;R6637;R1893;R7753;R1135;R4885;R256;R2947;R7695;R1383;R493;R1685;R1381;R4629;R5399;R745;R2092;R6909;R4371;R173;R3765;R9;R2555;R2791;R2505;R677;R4753,33554432,4096,20,0,0,Epoch_Not_Checked,2fc70d6711e683fde498d7ab7b861d7f1faeb2211876663b255b6e1b78db01d3,2fc70d6711e683fde498d7ab7b861d7f1faeb2211876663b255b6e1b78db01d3,beacon:2fc70d6711e683fde498d7ab7b861d7f1faeb2211876663b255b6e1b78db01d3|sector:6491|epoch:0,197;25;144;121;249;49;247;240;132;84;219;137;243;249;66;64;17;72;66;223,0,0,0,12.378,16416.180,36.194,12.680,8192,3140,9.702,0.015,0.423,4,32,0,0,0,0,0,0,0,0,0
KB1d_DropRaw_OneChallenge,1,Prover_Failed(missing_D_at_197),drop_raw_one_challenge,R197,33554432,4096,20,0,0,Epoch_Not_Checked,2fc70d6711e683fde498d7ab7b861d7f1faeb2211876663b255b6e1b78db01d3,2fc70d6711e683fde498d7ab7b861d7f1faeb2211876663b255b6e1b78db01d3,beacon:2fc70d6711e683fde498d7ab7b861d7f1faeb2211876663b255b6e1b78db01d3|sector:6491|epoch:0,197;25;144;121;249;49;247;240;132;84;219;137;243;249;66;64;17;72;66;223,0,0,0,12.378,16416.180,36.194,12.680,8192,3140,0.000,0.000,0.000,0,0,0,0,0,0,0,0,0,0,0
KB1d_DropRaw_OneChallenge,2,Prover_Failed(missing_D_at_197),drop_raw_one_challenge,R197,33554432,4096,20,0,0,Epoch_Not_Checked,2fc70d6711e683fde498d7ab7b861d7f1faeb2211876663b255b6e1b78db01d3,2fc70d6711e683fde498d7ab7b861d7f1faeb2211876663b255b6e1b78db01d3,beacon:2fc70d6711e683fde498d7ab7b861d7f1faeb2211876663b255b6e1b78db01d3|sector:6491|epoch:0,197;25;144;121;249;49;247;240;132;84;219;137;243;249;66;64;17;72;66;223,0,0,0,12.378,16416.180,36.194,12.680,8192,3140,0.000,0.000,0.000,0,0,0,0,0,0,0,0,0,0,0
KB1d_DropRaw_OneChallenge,3,Prover_Failed(missing_D_at_197),drop_raw_one_challenge,R197,33554432,4096,20,0,0,Epoch_Not_Checked,2fc70d6711e683fde498d7ab7b861d7f1faeb2211876663b255b6e1b78db01d3,2fc70d6711e683fde498d7ab7b861d7f1faeb2211876663b255b6e1b78db01d3,beacon:2fc70d6711e683fde498d7ab7b861d7f1faeb2211876663b255b6e1b78db01d3|sector:6491|epoch:0,197;25;144;121;249;49;247;240;132;84;219;137;243;249;66;64;17;72;66;223,0,0,0,12.378,16416.180,36.194,12.680,8192,3140,0.000,0.000,0.000,0,0,0,0,0,0,0,0,0,0,0
KB1d_DropRaw_OneChallenge,4,Prover_Failed(missing_D_at_197),drop_raw_one_challenge,R197,33554432,4096,20,0,0,Epoch_Not_Checked,2fc70d6711e683fde498d7ab7b861d7f1faeb2211876663b255b6e1b78db01d3,2fc70d6711e683fde498d7ab7b861d7f1faeb2211876663b255b6e1b78db01d3,beacon:2fc70d6711e683fde498d7ab7b861d7f1faeb2211876663b255b6e1b78db01d3|sector:6491|epoch:0,197;25;144;121;249;49;247;240;132;84;219;137;243;249;66;64;17;72;66;223,0,0,0,12.378,16416.180,36.194,12.680,8192,3140,0.000,0.000,0.000,0,0,0,0,0,0,0,0,0,0,0
KB1d_DropRaw_OneChallenge,5,Prover_Failed(missing_D_at_197),drop_raw_one_challenge,R197,33554432,4096,20,0,0,Epoch_Not_Checked,2fc70d6711e683fde498d7ab7b861d7f1faeb2211876663b255b6e1b78db01d3,2fc70d6711e683fde498d7ab7b861d7f1faeb2211876663b255b6e1b78db01d3,beacon:2fc70d6711e683fde498d7ab7b861d7f1faeb2211876663b255b6e1b78db01d3|sector:6491|epoch:0,197;25;144;121;249;49;247;240;132;84;219;137;243;249;66;64;17;72;66;223,0,0,0,12.378,16416.180,36.194,12.680,8192,3140,0.000,0.000,0.000,0,0,0,0,0,0,0,0,0,0,0
KB2_DropRaw_AtChallenge,1,Prover_Failed(missing_D_at_197),drop_raw_at_challenges,R144;R121;R84;R49;R132;R219;R247;R197;R17;R240;R66;R72;R137;R249;R25;R243;R64;R223,33554432,4096,20,0,0,Epoch_Not_Checked,2fc70d6711e683fde498d7ab7b861d7f1faeb2211876663b255b6e1b78db01d3,2fc70d6711e683fde498d7ab7b861d7f1faeb2211876663b255b6e1b78db01d3,beacon:2fc70d6711e683fde498d7ab7b861d7f1faeb2211876663b255b6e1b78db01d3|sector:6491|epoch:0,197;25;144;121;249;49;247;240;132;84;219;137;243;249;66;64;17;72;66;223,0,0,0,12.378,16416.180,36.194,12.680,8192,3140,0.000,0.000,0.000,0,0,0,0,0,0,0,0,0,0,0
KB2_DropRaw_AtChallenge,2,Prover_Failed(missing_D_at_197),drop_raw_at_challenges,R247;R137;R240;R144;R121;R49;R66;R64;R132;R243;R25;R249;R84;R197;R72;R223;R219;R17,33554432,4096,20,0,0,Epoch_Not_Checked,2fc70d6711e683fde498d7ab7b861d7f1faeb2211876663b255b6e1b78db01d3,2fc70d6711e683fde498d7ab7b861d7f1faeb2211876663b255b6e1b78db01d3,beacon:2fc70d6711e683fde498d7ab7b861d7f1faeb2211876663b255b6e1b78db01d3|sector:6491|epoch:0,197;25;144;121;249;49;247;240;132;84;219;137;243;249;66;64;17;72;66;223,0,0,0,12.378,16416.180,36.194,12.680,8192,3140,0.000,0.000,0.000,0,0,0,0,0,0,0,0,0,0,0
KB2_DropRaw_AtChallenge,3,Prover_Failed(missing_D_at_197),drop_raw_at_challenges,R223;R197;R243;R240;R17;R25;R247;R144;R84;R219;R137;R64;R72;R121;R49;R132;R66;R249,33554432,4096,20,0,0,Epoch_Not_Checked,2fc70d6711e683fde498d7ab7b861d7f1faeb2211876663b255b6e1b78db01d3,2fc70d6711e683fde498d7ab7b861d7f1faeb2211876663b255b6e1b78db01d3,beacon:2fc70d6711e683fde498d7ab7b861d7f1faeb2211876663b255b6e1b78db01d3|sector:6491|epoch:0,197;25;144;121;249;49;247;240;132;84;219;137;243;249;66;64;17;72;66;223,0,0,0,12.378,16416.180,36.194,12.680,8192,3140,0.000,0.000,0.000,0,0,0,0,0,0,0,0,0,0,0
KB2_DropRaw_AtChallenge,4,Prover_Failed(missing_D_at_197),drop_raw_at_challenges,R49;R121;R72;R84;R17;R243;R247;R132;R137;R64;R223;R249;R66;R240;R197;R25;R144;R219,33554432,4096,20,0,0,Epoch_Not_Checked,2fc70d6711e683fde498d7ab7b861d7f1faeb2211876663b255b6e1b78db01d3,2fc70d6711e683fde498d7ab7b861d7f1faeb2211876663b255b6e1b78db01d3,beacon:2fc70d6711e683fde498d7ab7b861d7f1faeb2211876663b255b6e1b78db01d3|sector:6491|epoch:0,197;25;144;121;249;49;247;240;132;84;219;137;243;249;66;64;17;72;66;223,0,0,0,12.378,16416.180,36.194,12.680,8192,3140,0.000,0.000,0.000,0,0,0,0,0,0,0,0,0,0,0
KB2_DropRaw_AtChallenge,5,Prover_Failed(missing_D_at_197),drop_raw_at_challenges,R121;R49;R144;R240;R84;R137;R223;R25;R72;R66;R64;R243;R249;R132;R17;R247;R197;R219,33554432,4096,20,0,0,Epoch_Not_Checked,2fc70d6711e683fde498d7ab7b861d7f1faeb2211876663b255b6e1b78db01d3,2fc70d6711e683fde498d7ab7b861d7f1faeb2211876663b255b6e1b78db01d3,beacon:2fc70d6711e683fde498d7ab7b861d7f1faeb2211876663b255b6e1b78db01d3|sector:6491|epoch:0,197;25;144;121;249;49;247;240;132;84;219;137;243;249;66;64;17;72;66;223,0,0,0,12.378,16416.180,36.194,12.680,8192,3140,0.000,0.000,0.000,0,0,0,0,0,0,0,0,0,0,0
KB3_DropState_AtChallengePrev,1,Prover_Failed(missing_S_at_196),drop_states_at_prev,,33554432,4096,20,0,0,Epoch_Not_Checked,2fc70d6711e683fde498d7ab7b861d7f1faeb2211876663b255b6e1b78db01d3,2fc70d6711e683fde498d7ab7b861d7f1faeb2211876663b255b6e1b78db01d3,beacon:2fc70d6711e683fde498d7ab7b861d7f1faeb2211876663b255b6e1b78db01d3|sector:6491|epoch:0,197;25;144;121;249;49;247;240;132;84;219;137;243;249;66;64;17;72;66;223,0,0,0,12.378,16416.180,36.194,12.680,8192,3140,2.336,0.000,0.115,1,0,0,0,0,0,0,0,0,0,0
KB3_DropState_AtChallengePrev,2,Prover_Failed(missing_S_at_196),drop_states_at_prev,,33554432,4096,20,0,0,Epoch_Not_Checked,2fc70d6711e683fde498d7ab7b861d7f1faeb2211876663b255b6e1b78db01d3,2fc70d6711e683fde498d7ab7b861d7f1faeb2211876663b255b6e1b78db01d3,beacon:2fc70d6711e683fde498d7ab7b861d7f1faeb2211876663b255b6e1b78db01d3|sector:6491|epoch:0,197;25;144;121;249;49;247;240;132;84;219;137;243;249;66;64;17;72;66;223,0,0,0,12.378,16416.180,36.194,12.680,8192,3140,2.236,0.000,0.092,1,0,0,0,0,0,0,0,0,0,0
KB3_DropState_AtChallengePrev,3,Prover_Failed(missing_S_at_196),drop_states_at_prev,,33554432,4096,20,0,0,Epoch_Not_Checked,2fc70d6711e683fde498d7ab7b861d7f1faeb2211876663b255b6e1b78db01d3,2fc70d6711e683fde498d7ab7b861d7f1faeb2211876663b255b6e1b78db01d3,beacon:2fc70d6711e683fde498d7ab7b861d7f1faeb2211876663b255b6e1b78db01d3|sector:6491|epoch:0,197;25;144;121;249;49;247;240;132;84;219;137;243;249;66;64;17;72;66;223,0,0,0,12.378,16416.180,36.194,12.680,8192,3140,2.361,0.000,0.114,1,0,0,0,0,0,0,0,0,0,0
KB3_DropState_AtChallengePrev,4,Prover_Failed(missing_S_at_196),drop_states_at_prev,,33554432,4096,20,0,0,Epoch_Not_Checked,2fc70d6711e683fde498d7ab7b861d7f1faeb2211876663b255b6e1b78db01d3,2fc70d6711e683fde498d7ab7b861d7f1faeb2211876663b255b6e1b78db01d3,beacon:2fc70d6711e683fde498d7ab7b861d7f1faeb2211876663b255b6e1b78db01d3|sector:6491|epoch:0,197;25;144;121;249;49;247;240;132;84;219;137;243;249;66;64;17;72;66;223,0,0,0,12.378,16416.180,36.194,12.680,8192,3140,2.257,0.000,0.095,1,0,0,0,0,0,0,0,0,0,0
KB3_DropState_AtChallengePrev,5,Prover_Failed(missing_S_at_196),drop_states_at_prev,,33554432,4096,20,0,0,Epoch_Not_Checked,2fc70d6711e683fde498d7ab7b861d7f1faeb2211876663b255b6e1b78db01d3,2fc70d6711e683fde498d7ab7b861d7f1faeb2211876663b255b6e1b78db01d3,beacon:2fc70d6711e683fde498d7ab7b861d7f1faeb2211876663b255b6e1b78db01d3|sector:6491|epoch:0,197;25;144;121;249;49;247;240;132;84;219;137;243;249;66;64;17;72;66;223,0,0,0,12.378,16416.180,36.194,12.680,8192,3140,2.388,0.000,0.116,1,0,0,0,0,0,0,0,0,0,0
KB4_OldProof_NewEpoch,1,Invalid,epoch_mismatch,,33554432,4096,20,0,1,Epoch_Mismatch,2fc70d6711e683fde498d7ab7b861d7f1faeb2211876663b255b6e1b78db01d3,655e41710f14769b30abc9510f3ab7ef27d221e77f3932d35bea78d588492455,beacon:2fc70d6711e683fde498d7ab7b861d7f1faeb2211876663b255b6e1b78db01d3|sector:6491|epoch:0,197;25;144;121;249;49;247;240;132;84;219;137;243;249;66;64;17;72;66;223,6700.510,646.730,159988,12.378,16416.180,36.194,12.680,8192,3140,46.960,0.079,2.117,20,5544,85.407,22446.901,1263.560,83.056,11920,12856,0.000,0.835,233288
KB4_OldProof_NewEpoch,2,Invalid,epoch_mismatch,,33554432,4096,20,0,1,Epoch_Mismatch,2fc70d6711e683fde498d7ab7b861d7f1faeb2211876663b255b6e1b78db01d3,655e41710f14769b30abc9510f3ab7ef27d221e77f3932d35bea78d588492455,beacon:2fc70d6711e683fde498d7ab7b861d7f1faeb2211876663b255b6e1b78db01d3|sector:6491|epoch:0,197;25;144;121;249;49;247;240;132;84;219;137;243;249;66;64;17;72;66;223,6700.510,646.730,159988,12.378,16416.180,36.194,12.680,8192,3140,44.112,0.076,2.213,20,6020,85.224,21927.106,1239.134,83.015,11920,17212,0.000,0.930,253040
KB4_OldProof_NewEpoch,3,Invalid,epoch_mismatch,,33554432,4096,20,0,1,Epoch_Mismatch,2fc70d6711e683fde498d7ab7b861d7f1faeb2211876663b255b6e1b78db01d3,655e41710f14769b30abc9510f3ab7ef27d221e77f3932d35bea78d588492455,beacon:2fc70d6711e683fde498d7ab7b861d7f1faeb2211876663b255b6e1b78db01d3|sector:6491|epoch:0,197;25;144;121;249;49;247;240;132;84;219;137;243;249;66;64;17;72;66;223,6700.510,646.730,159988,12.378,16416.180,36.194,12.680,8192,3140,46.573,0.072,2.111,20,26172,88.098,23519.707,1321.041,85.766,11920,14568,0.000,0.748,234504
KB4_OldProof_NewEpoch,4,Invalid,epoch_mismatch,,33554432,4096,20,0,1,Epoch_Mismatch,2fc70d6711e683fde498d7ab7b861d7f1faeb2211876663b255b6e1b78db01d3,655e41710f14769b30abc9510f3ab7ef27d221e77f3932d35bea78d588492455,beacon:2fc70d6711e683fde498d7ab7b861d7f1faeb2211876663b255b6e1b78db01d3|sector:6491|epoch:0,197;25;144;121;249;49;247;240;132;84;219;137;243;249;66;64;17;72;66;223,6700.510,646.730,159988,12.378,16416.180,36.194,12.680,8192,3140,41.528,0.056,1.570,20,4760,75.947,20749.848,1166.249,73.868,11920,16016,0.000,0.980,253124
KB4_OldProof_NewEpoch,5,Invalid,epoch_mismatch,,33554432,4096,20,0,1,Epoch_Mismatch,2fc70d6711e683fde498d7ab7b861d7f1faeb2211876663b255b6e1b78db01d3,655e41710f14769b30abc9510f3ab7ef27d221e77f3932d35bea78d588492455,beacon:2fc70d6711e683fde498d7ab7b861d7f1faeb2211876663b255b6e1b78db01d3|sector:6491|epoch:0,197;25;144;121;249;49;247;240;132;84;219;137;243;249;66;64;17;72;66;223,6700.510,646.730,159988,12.378,16416.180,36.194,12.680,8192,3140,42.385,0.062,1.850,20,8536,85.732,21164.192,1199.024,83.609,11920,17336,0.000,0.847,233028
